test_id,queryid,model,dataset,datasetSize,threads,elapsedTime,numMachines,cardinality,queryMode
e6e75d47-0ae6-46f6-abf8-d33009fda996,SynthFilter_foo_100,stgraph,synth,full,1,73,1,100,NAIVE
90a7193f-5721-413d-bcd2-e7afa95060b4,SynthFilterIdx_foo_100,stgraph,synth,full,1,18,1,50,NAIVE
c3ba25f1-e4a7-4ea0-966b-81eb57755e85,SynthFilterProp_foo_100,stgraph,synth,full,1,13,1,50,NAIVE
74645525-bc44-411b-be98-ff819f480812,SynthBy_foo_100,stgraph,synth,full,1,32,1,1,NAIVE
58236bc8-2d6c-4c7f-9c4c-cfba6d6aa231,SynthFilter_foo_100,stgraph,synth,full,1,14,1,100,OPTIMIZED
e51898e9-4614-4aa0-98d5-c894eef5b938,SynthFilterIdx_foo_100,stgraph,synth,full,1,11,1,50,OPTIMIZED
735577c1-89e3-4c80-91a2-c33d75c36942,SynthFilterProp_foo_100,stgraph,synth,full,1,11,1,50,OPTIMIZED
0d2dd357-dcec-4a37-a24c-28fc7d1ae4e3,SynthBy_foo_100,stgraph,synth,full,1,21,1,1,OPTIMIZED
cfc9886f-ba09-4555-8ce6-fc42b4d13631,SynthFilter_foo_200,stgraph,synth,full,1,13,1,100,NAIVE
a0af29b6-d639-40a2-b015-589f4454385b,SynthFilterIdx_foo_200,stgraph,synth,full,1,14,1,100,NAIVE
cad8f7b0-1be1-4668-8b57-649765410aa3,SynthFilterProp_foo_200,stgraph,synth,full,1,18,1,100,NAIVE
ac806e07-f9a3-4c9b-97cc-4e4775e9cab3,SynthBy_foo_200,stgraph,synth,full,1,16,1,1,NAIVE
64b21084-a3ee-408b-93fe-71e5667b927a,SynthFilter_foo_200,stgraph,synth,full,1,12,1,100,OPTIMIZED
6109294c-542f-43f0-9604-df53afda4610,SynthFilterIdx_foo_200,stgraph,synth,full,1,12,1,100,OPTIMIZED
fbbe25e4-19b6-4b69-930f-fa1a369e8451,SynthFilterProp_foo_200,stgraph,synth,full,1,11,1,100,OPTIMIZED
a97836cb-adb1-4549-ad72-92be7dcacff3,SynthBy_foo_200,stgraph,synth,full,1,15,1,1,OPTIMIZED
a522edda-1faa-4db0-ad1b-96c739748377,SynthFilter_foo_400,stgraph,synth,full,1,15,1,100,NAIVE
aa3b56f8-e2b7-4e45-ae1b-243d1f30e7a2,SynthFilterIdx_foo_400,stgraph,synth,full,1,14,1,200,NAIVE
f082a38a-d493-4c21-94a1-40f5d2f8ccfa,SynthFilterProp_foo_400,stgraph,synth,full,1,14,1,200,NAIVE
77245b45-89c4-4ec1-b56a-3c7be6020a1f,SynthBy_foo_400,stgraph,synth,full,1,17,1,1,NAIVE
b5864c1e-7840-4693-bcaf-4292decb2871,SynthFilter_foo_400,stgraph,synth,full,1,13,1,100,OPTIMIZED
376dcfc0-9876-451b-bec5-1a6441d52d7d,SynthFilterIdx_foo_400,stgraph,synth,full,1,13,1,200,OPTIMIZED
9994b854-6eef-4726-a129-a1f7c99f39a1,SynthFilterProp_foo_400,stgraph,synth,full,1,13,1,200,OPTIMIZED
3243fb57-a38c-438e-ab2b-eba39fd16c47,SynthBy_foo_400,stgraph,synth,full,1,15,1,1,OPTIMIZED
6a4a7899-6d08-4816-b1cf-cd1791871f9f,SynthFilter_foo_800,stgraph,synth,full,1,21,1,100,NAIVE
249041cc-ff10-4ba9-8dfe-38bddc903d40,SynthFilterIdx_foo_800,stgraph,synth,full,1,22,1,400,NAIVE
fa79858d-bb6a-4d0e-b840-af0fbafe3226,SynthFilterProp_foo_800,stgraph,synth,full,1,20,1,400,NAIVE
ade52770-82c3-4b9d-9fc1-84f2cdbbd628,SynthBy_foo_800,stgraph,synth,full,1,24,1,1,NAIVE
b37fe151-c700-4cc4-848f-38c2352f86f5,SynthFilter_foo_800,stgraph,synth,full,1,11,1,100,OPTIMIZED
6fe0718b-fcc3-40e0-bd07-76017224b2cf,SynthFilterIdx_foo_800,stgraph,synth,full,1,15,1,400,OPTIMIZED
49418c1a-ab15-4834-84e8-867901170008,SynthFilterProp_foo_800,stgraph,synth,full,1,15,1,400,OPTIMIZED
f99e5845-5a35-4ad8-a618-6c4b7602cee3,SynthBy_foo_800,stgraph,synth,full,1,15,1,1,OPTIMIZED
35cfa940-abbe-46b4-8692-f081cd97d087,SynthFilter_foo_1600,stgraph,synth,full,1,21,1,100,NAIVE
fefc3eff-d0a2-48d0-ab29-93c4d44cc508,SynthFilterIdx_foo_1600,stgraph,synth,full,1,26,1,800,NAIVE
bb677a86-8111-4a33-b626-4981e19976da,SynthFilterProp_foo_1600,stgraph,synth,full,1,27,1,800,NAIVE
1a1f6a6f-fe66-47f6-b790-b7d6491b41fa,SynthBy_foo_1600,stgraph,synth,full,1,38,1,1,NAIVE
9be0822b-25c1-4b86-bbcc-42cd9115435b,SynthFilter_foo_1600,stgraph,synth,full,1,12,1,100,OPTIMIZED
cb194db5-81bf-4e3d-b938-59313d04445b,SynthFilterIdx_foo_1600,stgraph,synth,full,1,17,1,800,OPTIMIZED
a6d7875a-e8fc-4f11-b02a-b7af825a782e,SynthFilterProp_foo_1600,stgraph,synth,full,1,23,1,800,OPTIMIZED
3e369142-c54b-4172-91b3-2e6c38dd8604,SynthBy_foo_1600,stgraph,synth,full,1,18,1,1,OPTIMIZED
504d1e49-9e1c-4939-9a89-09a5ca651cc7,SynthFilter_foo_3200,stgraph,synth,full,1,30,1,100,NAIVE
3677a4df-4642-47e0-a5b9-b9a1bb5ab7e4,SynthFilterIdx_foo_3200,stgraph,synth,full,1,35,1,1600,NAIVE
bb871701-4264-46c7-b8b2-7f78e714903d,SynthFilterProp_foo_3200,stgraph,synth,full,1,36,1,1600,NAIVE
ed1340dd-4cb2-4de2-9f7e-d8c62e7ce977,SynthBy_foo_3200,stgraph,synth,full,1,55,1,1,NAIVE
ae9304ea-2119-400b-88f6-b6754888cf5c,SynthFilter_foo_3200,stgraph,synth,full,1,17,1,100,OPTIMIZED
66ee8a58-e65b-46f9-9224-e163c4c9ef08,SynthFilterIdx_foo_3200,stgraph,synth,full,1,24,1,1600,OPTIMIZED
2111d824-1960-4cb8-82de-935ceff34d76,SynthFilterProp_foo_3200,stgraph,synth,full,1,27,1,1600,OPTIMIZED
86375939-eec3-46e8-8ecb-21725325352c,SynthBy_foo_3200,stgraph,synth,full,1,19,1,1,OPTIMIZED
03a77f20-15a0-4f66-91e1-2ee9f2af77cd,SynthFilter_foo_6400,stgraph,synth,full,1,56,1,100,NAIVE
438ba726-3ee3-46b9-a33b-41e098beb351,SynthFilterIdx_foo_6400,stgraph,synth,full,1,61,1,3200,NAIVE
c942fd8e-0e5d-4dfd-bb4d-39594aca8e7a,SynthFilterProp_foo_6400,stgraph,synth,full,1,63,1,3200,NAIVE
b6029e37-6972-4e98-ba18-971e10edc5ce,SynthBy_foo_6400,stgraph,synth,full,1,94,1,1,NAIVE
f9f094ae-266b-4ca3-9d17-538e45b39dc1,SynthFilter_foo_6400,stgraph,synth,full,1,14,1,100,OPTIMIZED
fce8d94d-6eaa-453d-9a3c-aba4df8b88e1,SynthFilterIdx_foo_6400,stgraph,synth,full,1,38,1,3200,OPTIMIZED
e0c4b4cb-9ed9-4fd3-becc-3f34b78b3ab2,SynthFilterProp_foo_6400,stgraph,synth,full,1,35,1,3200,OPTIMIZED
958d55aa-588f-438c-b2f5-d6d353dcd937,SynthBy_foo_6400,stgraph,synth,full,1,25,1,1,OPTIMIZED
46ead2e4-5eba-483d-a930-8d7d7916e1ba,SynthFilter_foo_12800,stgraph,synth,full,1,103,1,100,NAIVE
e9da6156-3ae7-4355-978e-7e405299fb74,SynthFilterIdx_foo_12800,stgraph,synth,full,1,108,1,6400,NAIVE
49d0d5e8-8a68-4f48-ba26-7d8c69b64b40,SynthFilterProp_foo_12800,stgraph,synth,full,1,111,1,6400,NAIVE
eefb9ba7-3bf8-4ae9-9044-beba6f70bdda,SynthBy_foo_12800,stgraph,synth,full,1,156,1,1,NAIVE
07987574-422e-4f81-b41f-aad3a949125d,SynthFilter_foo_12800,stgraph,synth,full,1,22,1,100,OPTIMIZED
49616aa8-84e6-4126-bdd3-23b4f9af75d0,SynthFilterIdx_foo_12800,stgraph,synth,full,1,72,1,6400,OPTIMIZED
21e9b98b-2ed4-4ab0-8f79-7b0e2a3ee3ec,SynthFilterProp_foo_12800,stgraph,synth,full,1,69,1,6400,OPTIMIZED
4217997c-761e-4cb4-b7c2-e4423f71491e,SynthBy_foo_12800,stgraph,synth,full,1,27,1,1,OPTIMIZED
7eb01034-f0e3-4cef-a8ee-a75239b9ae7f,SynthFilter_foo_25600,stgraph,synth,full,1,217,1,100,NAIVE
0dc1c58f-e80d-4e82-ab60-ee12cf09b6ac,SynthFilterIdx_foo_25600,stgraph,synth,full,1,221,1,12800,NAIVE
d0017ddb-9d90-4413-bc24-691a708d2bdb,SynthFilterProp_foo_25600,stgraph,synth,full,1,223,1,12800,NAIVE
33363c6b-cc13-407b-911c-a82964edbd7c,SynthBy_foo_25600,stgraph,synth,full,1,350,1,1,NAIVE
8dade3c6-94f5-4b7c-8386-aecf4da9a5b4,SynthFilter_foo_25600,stgraph,synth,full,1,20,1,100,OPTIMIZED
82baa635-f702-4185-b73d-a1eb63e2cfd2,SynthFilterIdx_foo_25600,stgraph,synth,full,1,117,1,12800,OPTIMIZED
3830adc7-c879-4d3b-ae34-8e779205daa9,SynthFilterProp_foo_25600,stgraph,synth,full,1,127,1,12800,OPTIMIZED
18993346-34b4-40d6-8a90-fd091fd510cf,SynthBy_foo_25600,stgraph,synth,full,1,34,1,1,OPTIMIZED
b689afa3-e49a-4161-8faa-dafc35fd22cd,SynthFilter_foo_51200,stgraph,synth,full,1,417,1,100,NAIVE
17e512e0-cd16-438a-812c-3aa5a2ce6881,SynthFilterIdx_foo_51200,stgraph,synth,full,1,394,1,25600,NAIVE
c501c50b-abe4-418b-8fbb-4092c7f339b6,SynthFilterProp_foo_51200,stgraph,synth,full,1,352,1,25600,NAIVE
1cd46767-d583-4352-beca-2817b4a90af1,SynthBy_foo_51200,stgraph,synth,full,1,416,1,1,NAIVE
5dd82d1f-f24f-4dff-bd6b-fa81bf33e561,SynthFilter_foo_51200,stgraph,synth,full,1,28,1,100,OPTIMIZED
4495f348-edb6-426c-9875-dcb50812af38,SynthFilterIdx_foo_51200,stgraph,synth,full,1,222,1,25600,OPTIMIZED
d7a087bd-8ecd-499a-9fc5-4c96aba9e6eb,SynthFilterProp_foo_51200,stgraph,synth,full,1,212,1,25600,OPTIMIZED
8c32780b-8c55-460a-b052-90f5d7fd32b4,SynthBy_foo_51200,stgraph,synth,full,1,48,1,1,OPTIMIZED
2073badf-98c1-46c5-be3f-f90a01d2cf65,EnvironmentAggregate,stgraph,smartbench,small,1,56616,1,73,NAIVE
3f87dd96-aab0-4d62-a50e-2c77b9fa7f62,EnvironmentAggregate,stgraph,smartbench,small,1,2117,1,73,OPTIMIZED
231d8b89-f4ef-400c-b544-3c70ce566bd6,EnvironmentAggregate,stgraph,smartbench,medium,1,216292,1,90,NAIVE
092c2c6b-4869-4623-95ac-8ffe74f2981a,EnvironmentAggregate,stgraph,smartbench,medium,1,4417,1,90,OPTIMIZED
a10644ce-9327-448a-814a-f28238314a68,EnvironmentAggregate,stgraph,smartbench,large,1,60886,1,112,OPTIMIZED
1adddc1e-41f7-4f44-8d89-dd22d945aeb7,EnvironmentAggregate,stgraph,smartbench,small,1,1890,1,73,OPTIMIZED
e2c36ed7-94c1-4d5a-9ba3-154f5e707fc6,EnvironmentAggregate,stgraph,smartbench,small,4,584,1,73,OPTIMIZED
9a6fd8a7-ca5f-42de-a4f7-cb675a49e7cc,EnvironmentAggregate,stgraph,smartbench,small,8,413,1,73,OPTIMIZED
523b4229-47cd-405e-b4f6-8187372eec46,EnvironmentAggregate,stgraph,smartbench,small,16,313,1,73,OPTIMIZED
d9345ba0-1970-4963-9750-5002347a35d1,EnvironmentAggregate,stgraph,smartbench,medium,1,5004,1,90,OPTIMIZED
49f062ba-3632-4854-a085-50f6e05c0415,EnvironmentAggregate,stgraph,smartbench,medium,4,1418,1,90,OPTIMIZED
b935163a-b9d0-4e58-bb7e-899985378e5d,EnvironmentAggregate,stgraph,smartbench,medium,8,966,1,90,OPTIMIZED
ed6bb259-4dd2-470d-89c1-2005360a5548,EnvironmentAggregate,stgraph,smartbench,medium,16,864,1,90,OPTIMIZED
35b5d805-196b-4353-9f02-3e03b3cb6396,EnvironmentAggregate,stgraph,smartbench,large,1,61757,1,112,OPTIMIZED
06158481-7f88-4236-be61-1f0a0abc1b55,EnvironmentAggregate,stgraph,smartbench,large,4,15584,1,112,OPTIMIZED
bdf8c5f1-caab-44c2-9ff0-3bca32f7fa2c,EnvironmentAggregate,stgraph,smartbench,large,8,8865,1,112,OPTIMIZED
66b50115-e93f-4eca-bea5-39514f58adf2,EnvironmentAggregate,stgraph,smartbench,large,16,8199,1,112,OPTIMIZED
ffc3c0a5-269d-4905-b969-304839f6f323,EnvironmentAggregate,stgraph,smartbench,small,1,4213,4,73,OPTIMIZED
b88f56ad-7136-4568-a058-9ff96d48ca14,EnvironmentAggregate,stgraph,smartbench,small,4,923,4,73,OPTIMIZED
9a55f4ce-f2f8-4b58-9e18-cb13f455c9fc,EnvironmentAggregate,stgraph,smartbench,small,8,549,4,73,OPTIMIZED
a1c6b13a-273e-4d60-b0f0-3d66089d18b2,EnvironmentAggregate,stgraph,smartbench,small,16,340,4,73,OPTIMIZED
d4202dec-019f-4862-a310-0ef5c5eb0e7b,EnvironmentAggregate,stgraph,smartbench,medium,1,8027,4,90,OPTIMIZED
b81f52bb-82f1-4a9b-b365-b8ad52ef222d,EnvironmentAggregate,stgraph,smartbench,medium,4,2119,4,90,OPTIMIZED
59e463dc-1dca-488a-9653-d2d1e961d844,EnvironmentAggregate,stgraph,smartbench,medium,8,1294,4,90,OPTIMIZED
9c71e8c0-13f9-4bca-b087-47468de9f306,EnvironmentAggregate,stgraph,smartbench,medium,16,843,4,90,OPTIMIZED
8cd2f3b0-c731-489a-b7ab-6229e42a52c8,EnvironmentAggregate,stgraph,smartbench,large,1,78447,4,112,OPTIMIZED
ef24d29c-5daa-4f48-bed6-1320640e6d65,EnvironmentAggregate,stgraph,smartbench,large,4,18189,4,112,OPTIMIZED
f9f89dab-0d05-4507-85c3-aaa883fffb2a,EnvironmentAggregate,stgraph,smartbench,large,8,9230,4,112,OPTIMIZED
40c0b33c-a8c6-4444-8b35-da2099cdd2d3,EnvironmentAggregate,stgraph,smartbench,large,16,7026,4,112,OPTIMIZED
42e5c15c-68c4-4d78-abf2-a597d8c2f957,EnvironmentAggregate,stgraph,smartbench,small,16,546,2,73,OPTIMIZED
93f9048d-6af5-4534-80cd-979e580b43e7,EnvironmentAggregate,stgraph,smartbench,medium,16,769,2,90,OPTIMIZED
4ce5716b-4cd2-415c-a62f-f88d40298723,EnvironmentAggregate,stgraph,smartbench,large,16,5721,2,112,OPTIMIZED
2de4cf6c-98a4-4d1e-a3fa-cf8ec79d2907,AgentOutlier,stgraph,smartbench,small,1,52263,1,100,NAIVE
7d8b8a81-3951-4835-a7e4-cc3de5e53987,AgentOutlier,stgraph,smartbench,small,1,1766,1,100,OPTIMIZED
7dd00a47-8bb7-4d23-83ba-bab95fd6e23a,AgentOutlier,stgraph,smartbench,medium,1,210536,1,200,NAIVE
ba0d64cb-9739-47aa-a626-665e2b5f7d31,AgentOutlier,stgraph,smartbench,medium,1,4722,1,200,OPTIMIZED
dad9ff21-d6ee-4360-a207-cf452705b732,AgentOutlier,stgraph,smartbench,large,1,65000,1,1000,OPTIMIZED
ab4d2f4d-2a77-4996-892a-c561ef81a620,AgentOutlier,stgraph,smartbench,small,1,1809,1,100,OPTIMIZED
569ddb48-736c-411d-8722-450f78edef2f,AgentOutlier,stgraph,smartbench,small,4,495,1,100,OPTIMIZED
f3b5192d-b7a1-4a6e-95a2-3b07d9136027,AgentOutlier,stgraph,smartbench,small,8,353,1,100,OPTIMIZED
84eff024-44bd-4db6-8064-d9dc68d4e0ad,AgentOutlier,stgraph,smartbench,small,16,306,1,100,OPTIMIZED
21dc6341-3492-44f4-9e8b-f43a316c0230,AgentOutlier,stgraph,smartbench,medium,1,4899,1,200,OPTIMIZED
a679fa69-ef04-4871-a604-1b77d73e2995,AgentOutlier,stgraph,smartbench,medium,4,1254,1,200,OPTIMIZED
2e571e9a-11b7-4925-af33-91f0e67858f2,AgentOutlier,stgraph,smartbench,medium,8,941,1,200,OPTIMIZED
f488eaed-cdf1-4d37-b220-c65a8527fc88,AgentOutlier,stgraph,smartbench,medium,16,710,1,200,OPTIMIZED
0de7c65a-9868-4bd9-87f1-44727a3d3a60,AgentOutlier,stgraph,smartbench,large,1,64200,1,1000,OPTIMIZED
88a5c917-3b9b-4ee8-a83a-42586bf7f954,AgentOutlier,stgraph,smartbench,large,4,18109,1,1000,OPTIMIZED
0f6a3f67-4489-48a0-8103-8b3c9e00b3e9,AgentOutlier,stgraph,smartbench,large,8,12251,1,1000,OPTIMIZED
0d3be599-25a8-46ce-89ef-e83c384b4ed5,AgentOutlier,stgraph,smartbench,large,16,10410,1,1000,OPTIMIZED
fc1a753b-409c-4254-af66-01bf9b67c769,AgentOutlier,stgraph,smartbench,small,1,3422,4,100,OPTIMIZED
95962146-53a8-4f85-a836-7b4f89563403,AgentOutlier,stgraph,smartbench,small,4,783,4,100,OPTIMIZED
fd16450f-8261-4d4a-9dfc-f40fb9fcc4ca,AgentOutlier,stgraph,smartbench,small,8,466,4,100,OPTIMIZED
4e4b872f-7ecf-4f6d-90ba-5fa7c6fad3a9,AgentOutlier,stgraph,smartbench,small,16,319,4,100,OPTIMIZED
59330c95-ba41-4599-8bad-ca0d9e227a16,AgentOutlier,stgraph,smartbench,medium,1,7712,4,200,OPTIMIZED
e1bee386-3dde-4325-b6d7-9ca39b73433b,AgentOutlier,stgraph,smartbench,medium,4,1754,4,200,OPTIMIZED
17ad45ea-1a22-4319-9eef-7791383c45b8,AgentOutlier,stgraph,smartbench,medium,8,965,4,200,OPTIMIZED
0cec82fe-bbf0-4944-a65a-0c14c7f73155,AgentOutlier,stgraph,smartbench,medium,16,643,4,200,OPTIMIZED
bf29ff8f-2c81-4831-9a20-9758c6e11e67,AgentOutlier,stgraph,smartbench,large,1,62700,4,1000,OPTIMIZED
d46c3446-597e-4c4e-bad8-30ee2bb7bf44,AgentOutlier,stgraph,smartbench,large,4,15391,4,1000,OPTIMIZED
0b06345f-23fe-42ab-93ae-055bf7092503,AgentOutlier,stgraph,smartbench,large,8,7883,4,1000,OPTIMIZED
86329ee8-7aa5-4c71-98f2-cb960dc05f38,AgentOutlier,stgraph,smartbench,large,16,4658,4,1000,OPTIMIZED
0f3c45b3-691c-40da-bfd2-b95fe260014c,AgentOutlier,stgraph,smartbench,small,16,290,2,100,OPTIMIZED
1132d7f5-9912-4666-a710-d2d84f5f45ab,AgentOutlier,stgraph,smartbench,medium,16,619,2,200,OPTIMIZED
52d46ff7-bd4d-4338-9a18-17b9f72b95d3,AgentOutlier,stgraph,smartbench,large,16,6193,2,1000,OPTIMIZED
2c637725-f19c-448e-8f21-b7cc1302297e,MaintenanceOwners,stgraph,smartbench,small,1,104534,1,100,NAIVE
66341926-a707-4b42-a97b-e0a943bece7a,MaintenanceOwners,stgraph,smartbench,small,1,852,1,100,OPTIMIZED
02fa8f92-e503-450e-a789-b038c4783c37,MaintenanceOwners,stgraph,smartbench,medium,1,586287,1,200,NAIVE
01352191-83c9-4738-9b52-1cbc8a6c27ad,MaintenanceOwners,stgraph,smartbench,medium,1,1550,1,200,OPTIMIZED
71473c82-4825-43d4-906c-64ed81ac6106,MaintenanceOwners,stgraph,smartbench,large,1,9006,1,1000,OPTIMIZED
e1656d53-0a92-41c1-b9fe-b44ccbfba09c,MaintenanceOwners,stgraph,smartbench,small,1,752,1,100,OPTIMIZED
fd6c4e15-a152-4cfa-93ad-fb5fe8dc07a6,MaintenanceOwners,stgraph,smartbench,small,4,238,1,100,OPTIMIZED
fd75800d-65ed-427b-9775-625ab9a2b084,MaintenanceOwners,stgraph,smartbench,small,8,159,1,100,OPTIMIZED
deb9551d-356e-4608-9755-e67cb8804ac2,MaintenanceOwners,stgraph,smartbench,small,16,161,1,100,OPTIMIZED
05114f15-416a-4f4a-bab0-a1e7b2dc72ba,MaintenanceOwners,stgraph,smartbench,medium,1,1492,1,200,OPTIMIZED
cefb0174-1f9d-4492-a707-ce9ad803cf54,MaintenanceOwners,stgraph,smartbench,medium,4,492,1,200,OPTIMIZED
affda039-5925-4a8e-afa7-46a529a69ab0,MaintenanceOwners,stgraph,smartbench,medium,8,383,1,200,OPTIMIZED
328f8601-e3bc-4bd9-a4ad-20363e3dc32f,MaintenanceOwners,stgraph,smartbench,medium,16,355,1,200,OPTIMIZED
8b9d23b2-79cb-487b-8980-130d4fc79608,MaintenanceOwners,stgraph,smartbench,large,1,8884,1,1000,OPTIMIZED
f011f5e8-2e09-4363-ba86-658ffcb503b0,MaintenanceOwners,stgraph,smartbench,large,4,3503,1,1000,OPTIMIZED
5b61d66a-aaab-4cc5-ac1f-8308b2173d83,MaintenanceOwners,stgraph,smartbench,large,8,2785,1,1000,OPTIMIZED
5b825968-4858-4ebc-b66e-31519a28b5b0,MaintenanceOwners,stgraph,smartbench,large,16,2431,1,1000,OPTIMIZED
621a74f6-4735-4ca0-9f74-dd4520117c45,MaintenanceOwners,stgraph,smartbench,small,1,2078,4,100,OPTIMIZED
4f8595b3-bd76-4ad4-a9bc-9ff1ce86c69a,MaintenanceOwners,stgraph,smartbench,small,4,461,4,100,OPTIMIZED
5e3e4bef-294e-4072-8901-31f3e2bc2e45,MaintenanceOwners,stgraph,smartbench,small,8,283,4,100,OPTIMIZED
7cd7e2eb-39b0-4188-ad78-e5407c346f15,MaintenanceOwners,stgraph,smartbench,small,16,174,4,100,OPTIMIZED
5215b494-1272-4d3e-8046-4c85f484921a,MaintenanceOwners,stgraph,smartbench,medium,1,3863,4,200,OPTIMIZED
70bf19e6-b5ee-43ba-8c87-a8fcb002ed6c,MaintenanceOwners,stgraph,smartbench,medium,4,963,4,200,OPTIMIZED
4375b25c-6395-48ed-8cd2-d0464e7237ab,MaintenanceOwners,stgraph,smartbench,medium,8,576,4,200,OPTIMIZED
8904340e-9374-4956-a553-30235ade3836,MaintenanceOwners,stgraph,smartbench,medium,16,379,4,200,OPTIMIZED
283bda2e-6dae-41c5-8afa-c43d00a4e2f5,MaintenanceOwners,stgraph,smartbench,large,1,21646,4,1000,OPTIMIZED
5972c073-4041-43a1-8c40-f26d78b38ee7,MaintenanceOwners,stgraph,smartbench,large,4,6189,4,1000,OPTIMIZED
00b7ed4f-8f04-49d8-86a0-bc0302a45e64,MaintenanceOwners,stgraph,smartbench,large,8,4298,4,1000,OPTIMIZED
11e2fa9d-451f-47a3-8eb0-7b91256426ea,MaintenanceOwners,stgraph,smartbench,large,16,3007,4,1000,OPTIMIZED
16aac57a-e096-403b-b76f-9b20527cdf96,MaintenanceOwners,stgraph,smartbench,small,16,184,2,100,OPTIMIZED
c20dcefe-3ab3-4247-a5ea-85de288270fc,MaintenanceOwners,stgraph,smartbench,medium,16,358,2,200,OPTIMIZED
6b6e8fb9-6d29-4de2-84ed-4541d66d9f99,MaintenanceOwners,stgraph,smartbench,large,16,2726,2,1000,OPTIMIZED
35f6a418-2a28-4382-8a1d-5c0001f02924,EnvironmentOutlier,stgraph,smartbench,small,1,61741,1,4,NAIVE
5348770c-e153-42ad-aa16-5e4ec68a4299,EnvironmentOutlier,stgraph,smartbench,small,1,2995,1,4,OPTIMIZED
43574483-f148-463c-9bf3-2b92f6a36c09,EnvironmentOutlier,stgraph,smartbench,medium,1,220675,1,5,NAIVE
556e4896-70b3-41be-bcd6-894db9e5f3fa,EnvironmentOutlier,stgraph,smartbench,medium,1,8735,1,5,OPTIMIZED
2d0ab755-6351-4ed0-94d3-836685cc50e9,EnvironmentOutlier,stgraph,smartbench,large,1,153164,1,5,OPTIMIZED
c1d36c93-5c70-4925-8bee-6491e8d292ba,EnvironmentOutlier,stgraph,smartbench,small,1,2765,1,4,OPTIMIZED
76234649-11cf-4f67-acf5-687a8ddc538c,EnvironmentOutlier,stgraph,smartbench,small,4,778,1,4,OPTIMIZED
b21ea8fd-2e4f-49c2-94c5-18474587c492,EnvironmentOutlier,stgraph,smartbench,small,8,581,1,4,OPTIMIZED
2b3c543b-5588-45ea-84b6-dc18970eb563,EnvironmentOutlier,stgraph,smartbench,small,16,477,1,4,OPTIMIZED
b3ada9c6-86e0-41fb-ab9c-88ce2abf9282,EnvironmentOutlier,stgraph,smartbench,medium,1,8589,1,5,OPTIMIZED
6a8ac5c1-d44d-4430-aa9d-df7977f7cf02,EnvironmentOutlier,stgraph,smartbench,medium,4,2458,1,5,OPTIMIZED
df68c72b-5f91-43b9-9cb4-7f157b6a6e3c,EnvironmentOutlier,stgraph,smartbench,medium,8,1722,1,5,OPTIMIZED
b128357d-1acb-46ea-98c1-f6c827d0e7ce,EnvironmentOutlier,stgraph,smartbench,medium,16,1436,1,5,OPTIMIZED
07dbf4e4-acf4-407d-8563-11ffb49229aa,EnvironmentOutlier,stgraph,smartbench,large,1,152415,1,5,OPTIMIZED
eefd8459-9fd7-47cc-a364-f553b31fbbf4,EnvironmentOutlier,stgraph,smartbench,large,4,47135,1,5,OPTIMIZED
9aaa20da-33bb-4168-8055-8b16240ccfd5,EnvironmentOutlier,stgraph,smartbench,large,8,35050,1,5,OPTIMIZED
1e68ede1-be56-4c4f-86b4-dd4f9bbba484,EnvironmentOutlier,stgraph,smartbench,large,16,31723,1,5,OPTIMIZED
f95c715d-f048-45fa-a9bf-bc33eb5ca8ed,EnvironmentOutlier,stgraph,smartbench,small,1,4328,4,4,OPTIMIZED
09ca54d4-f27d-44cf-b66d-53f2077ecf5d,EnvironmentOutlier,stgraph,smartbench,small,4,1031,4,4,OPTIMIZED
8f36347d-90f5-4229-ac51-5eaad4af7530,EnvironmentOutlier,stgraph,smartbench,small,8,588,4,4,OPTIMIZED
606eb8cb-3bed-441e-8887-19d69849a44e,EnvironmentOutlier,stgraph,smartbench,small,16,386,4,4,OPTIMIZED
7feee23d-f3bd-483f-85dd-dcc1f83a3381,EnvironmentOutlier,stgraph,smartbench,medium,1,10505,4,5,OPTIMIZED
9d077e44-f6cf-4e14-a003-88fb6ecc7be4,EnvironmentOutlier,stgraph,smartbench,medium,4,2510,4,5,OPTIMIZED
9b7f54c9-baec-454a-b6b0-a2be9f21ae48,EnvironmentOutlier,stgraph,smartbench,medium,8,1305,4,5,OPTIMIZED
8c08e227-c803-4358-b026-9db24db098f5,EnvironmentOutlier,stgraph,smartbench,medium,16,780,4,5,OPTIMIZED
44abedc7-e366-4622-94d3-f5e8c4442ba1,EnvironmentOutlier,stgraph,smartbench,large,1,113075,4,5,OPTIMIZED
a42cbe39-8d7b-4e33-afca-8d88e0480a18,EnvironmentOutlier,stgraph,smartbench,large,4,28827,4,5,OPTIMIZED
90c84350-fcc5-4f58-9ba2-d8e704aaac6d,EnvironmentOutlier,stgraph,smartbench,large,8,15233,4,5,OPTIMIZED
6074bfa8-e22a-4373-9533-63f9c4a47e0b,EnvironmentOutlier,stgraph,smartbench,large,16,9512,4,5,OPTIMIZED
c5aa3691-f32d-4bee-be3f-a52ca2cb5384,EnvironmentOutlier,stgraph,smartbench,small,16,475,2,4,OPTIMIZED
378c72fe-722e-4abe-9043-84a11a6af33a,EnvironmentOutlier,stgraph,smartbench,medium,16,994,2,5,OPTIMIZED
ed4bcbb4-d104-4f09-9636-333e09bee0dd,EnvironmentOutlier,stgraph,smartbench,large,16,15695,2,5,OPTIMIZED
48c67969-1d55-4d30-89eb-faa5ddc44625,EnvironmentCoverage,stgraph,smartbench,small,1,3,1,10,NAIVE
837b8338-0ec1-4c63-980c-c61dc3403ece,EnvironmentCoverage,stgraph,smartbench,small,1,2,1,10,OPTIMIZED
fc1823a1-2dc8-49f3-a128-15cd244d09a6,EnvironmentCoverage,stgraph,smartbench,medium,1,2,1,20,NAIVE
98efebba-6a55-469a-9f41-ad6822794398,EnvironmentCoverage,stgraph,smartbench,medium,1,2,1,20,OPTIMIZED
4c3a15ed-cf9f-4570-8461-5b1a77d33f86,EnvironmentCoverage,stgraph,smartbench,large,1,8,1,131,OPTIMIZED
b19b63d3-4625-4e10-b2f4-4b66798b45e6,EnvironmentCoverage,stgraph,smartbench,small,1,1,1,10,OPTIMIZED
699e6d42-64de-460c-908a-7625edca38ae,EnvironmentCoverage,stgraph,smartbench,small,4,0,1,10,OPTIMIZED
3f0eb5d0-b956-4f69-bc6e-91e4c5dcaa8f,EnvironmentCoverage,stgraph,smartbench,small,8,0,1,10,OPTIMIZED
0a5ff895-3c5b-46f2-9c22-9386d1dc2df3,EnvironmentCoverage,stgraph,smartbench,small,16,0,1,10,OPTIMIZED
7ff20b21-a688-46c5-acc0-60778d2f3c11,EnvironmentCoverage,stgraph,smartbench,medium,1,1,1,20,OPTIMIZED
aeaa31fe-552e-4858-9c4b-b374ad91105e,EnvironmentCoverage,stgraph,smartbench,medium,4,1,1,20,OPTIMIZED
1294c189-eafb-4006-8660-a07429671e5a,EnvironmentCoverage,stgraph,smartbench,medium,8,0,1,20,OPTIMIZED
00607a3d-e7fb-40e9-814c-279f07ed6808,EnvironmentCoverage,stgraph,smartbench,medium,16,1,1,20,OPTIMIZED
eb56c2a0-dd5f-424a-8560-b6cf3bf4be28,EnvironmentCoverage,stgraph,smartbench,large,1,6,1,131,OPTIMIZED
70eab1e2-50f8-4578-8493-003133e3abe5,EnvironmentCoverage,stgraph,smartbench,large,4,5,1,131,OPTIMIZED
644b1bbe-7184-4bbb-9c77-8cfc65523384,EnvironmentCoverage,stgraph,smartbench,large,8,4,1,131,OPTIMIZED
d191df78-2b36-4451-8fa1-dab1a0975f0c,EnvironmentCoverage,stgraph,smartbench,large,16,4,1,131,OPTIMIZED
8913c022-e37b-464c-8f24-1584a2b01e77,EnvironmentCoverage,stgraph,smartbench,small,1,1,4,10,OPTIMIZED
db4df950-3777-485d-8019-2ed017f6df9f,EnvironmentCoverage,stgraph,smartbench,small,4,1,4,10,OPTIMIZED
122bd9a8-b702-462b-aac6-c1be5bc3e3ae,EnvironmentCoverage,stgraph,smartbench,small,8,0,4,10,OPTIMIZED
da0b3c8f-0690-4d1b-83cb-07aae361f71a,EnvironmentCoverage,stgraph,smartbench,small,16,0,4,10,OPTIMIZED
3dee1a9c-6fa9-417a-a1ad-b9c2951c3f2c,EnvironmentCoverage,stgraph,smartbench,medium,1,1,4,20,OPTIMIZED
2131078f-4c82-44e7-a71d-dd52f359e524,EnvironmentCoverage,stgraph,smartbench,medium,4,0,4,20,OPTIMIZED
1249ddc6-328c-4f37-be4e-fbaced6bde78,EnvironmentCoverage,stgraph,smartbench,medium,8,1,4,20,OPTIMIZED
d544abef-69ef-4394-a692-42884ac3da58,EnvironmentCoverage,stgraph,smartbench,medium,16,1,4,20,OPTIMIZED
6be83e48-955f-4454-9fca-4df00b2f27dd,EnvironmentCoverage,stgraph,smartbench,large,1,6,4,131,OPTIMIZED
9713ec3b-be4d-4ddc-b25a-abe144b857e5,EnvironmentCoverage,stgraph,smartbench,large,4,5,4,131,OPTIMIZED
6d948184-65d9-4ec7-adb2-7e4cc21587bf,EnvironmentCoverage,stgraph,smartbench,large,8,4,4,131,OPTIMIZED
a793ed9f-cc14-484c-8fb0-8a8ac2e66b73,EnvironmentCoverage,stgraph,smartbench,large,16,4,4,131,OPTIMIZED
f6ffb244-ad0f-49a1-b9b9-19af4665fa6b,EnvironmentCoverage,stgraph,smartbench,small,16,1,2,10,OPTIMIZED
23c53826-bb2c-42e6-8af3-6d0f91af046c,EnvironmentCoverage,stgraph,smartbench,medium,16,2,2,20,OPTIMIZED
326b10f9-f93f-4faa-b162-6e87fa0144d3,EnvironmentCoverage,stgraph,smartbench,large,16,7,2,131,OPTIMIZED
39051dd4-ff6a-46b3-8a25-0de1b3ebb8cc,AgentHistory,stgraph,smartbench,small,1,629,1,1,NAIVE
2d011fc4-2480-4cf7-b3b1-b5b347a884a3,AgentHistory,stgraph,smartbench,small,1,13,1,1,OPTIMIZED
362ec090-4adf-4dfb-832f-b9075b58e3cc,AgentHistory,stgraph,smartbench,medium,1,1232,1,1,NAIVE
8b78348b-e5d6-413f-b14c-5346ab13a241,AgentHistory,stgraph,smartbench,medium,1,16,1,1,OPTIMIZED
3756d7cb-99ae-4e63-8b57-85ed52f5200e,AgentHistory,stgraph,smartbench,large,1,29,1,1,OPTIMIZED
dce8596e-b0e2-4e2c-a541-cc1ea0cb07c0,AgentHistory,stgraph,smartbench,small,1,13,1,1,OPTIMIZED
e4cce30e-debe-44de-be54-924037d79764,AgentHistory,stgraph,smartbench,small,4,12,1,1,OPTIMIZED
5cc6693e-d103-405e-a6c2-28e15bf904d9,AgentHistory,stgraph,smartbench,small,8,13,1,1,OPTIMIZED
04824135-47ea-48f8-9ed4-8e2889175a6b,AgentHistory,stgraph,smartbench,small,16,11,1,1,OPTIMIZED
04f29470-7091-47a6-8e8b-e38e64d3cd81,AgentHistory,stgraph,smartbench,medium,1,12,1,1,OPTIMIZED
77343e5e-c896-4479-82ce-6726a132c1cc,AgentHistory,stgraph,smartbench,medium,4,11,1,1,OPTIMIZED
5834944e-a9b3-4889-abe7-801936f9d0ed,AgentHistory,stgraph,smartbench,medium,8,12,1,1,OPTIMIZED
74ae4c85-2216-4cb4-bb08-c60d15b250b4,AgentHistory,stgraph,smartbench,medium,16,12,1,1,OPTIMIZED
bc919f74-ce90-4d70-b1ca-a2d0b38e80de,AgentHistory,stgraph,smartbench,large,1,32,1,1,OPTIMIZED
95b96ed7-6355-49ec-8707-d7d52b44a2be,AgentHistory,stgraph,smartbench,large,4,33,1,1,OPTIMIZED
522bc929-bf70-418c-9711-e74e4d4b794c,AgentHistory,stgraph,smartbench,large,8,27,1,1,OPTIMIZED
e5cc494d-867e-462b-ab5f-28b7161e3fae,AgentHistory,stgraph,smartbench,large,16,25,1,1,OPTIMIZED
790de6cf-182e-4519-b5f9-3d4d0b304f98,AgentHistory,stgraph,smartbench,small,1,30,4,1,OPTIMIZED
e2de2931-85f7-4ba3-8e31-0506dae5438a,AgentHistory,stgraph,smartbench,small,4,25,4,1,OPTIMIZED
dd6a12f3-2714-41bf-8314-65d746ffa8b1,AgentHistory,stgraph,smartbench,small,8,23,4,1,OPTIMIZED
5da31c61-7cca-42e3-8bf4-f79e7e10edc7,AgentHistory,stgraph,smartbench,small,16,26,4,1,OPTIMIZED
c5f400cc-802a-4d8d-b3c5-09b99c50bc1b,AgentHistory,stgraph,smartbench,medium,1,27,4,1,OPTIMIZED
fdeb4766-d1d9-459e-81fa-2bdee317d392,AgentHistory,stgraph,smartbench,medium,4,22,4,1,OPTIMIZED
6c8c2c08-8e1f-4b4d-afc9-5eb6531b55f1,AgentHistory,stgraph,smartbench,medium,8,24,4,1,OPTIMIZED
e325cf90-fed7-4ce6-b54a-69564d198af4,AgentHistory,stgraph,smartbench,medium,16,24,4,1,OPTIMIZED
4f6ce67a-5537-4b29-b968-dcff3aab9370,AgentHistory,stgraph,smartbench,large,1,42,4,1,OPTIMIZED
080a6fb8-7d29-4c0b-9a5f-4f0fc4dce6ed,AgentHistory,stgraph,smartbench,large,4,41,4,1,OPTIMIZED
4cac8759-0451-4d0a-950f-48905c12d39f,AgentHistory,stgraph,smartbench,large,8,42,4,1,OPTIMIZED
f205f5aa-9612-4477-9f4a-2c97b954545d,AgentHistory,stgraph,smartbench,large,16,38,4,1,OPTIMIZED
20c3e91b-d524-4a99-96d5-9f83bb8e0e51,AgentHistory,stgraph,smartbench,small,16,25,2,1,OPTIMIZED
70cfeac6-fc4e-43eb-9ef4-59e5aac6eedd,AgentHistory,stgraph,smartbench,medium,16,25,2,1,OPTIMIZED
d55027ae-1152-44bf-9f31-949d39409029,AgentHistory,stgraph,smartbench,large,16,41,2,1,OPTIMIZED
a9a7f9f3-20db-4928-985a-c720d6225d21,EnvironmentAggregate,stgraph,smartbench,large,1,66653,1,112,OPTIMIZED
6fb30d8f-e7ed-485a-b423-277618e0698b,EnvironmentAggregate,stgraph,smartbench,extralarge,1,166514,1,88,OPTIMIZED
27f328da-b253-4c06-a39c-d61da166203e,EnvironmentAggregate,stgraph,smartbench,large,1,64298,1,112,OPTIMIZED
47ccb2d7-6a31-40fb-8681-6c612346716c,EnvironmentAggregate,stgraph,smartbench,large,4,15503,1,112,OPTIMIZED
c2c393a0-6303-4701-803b-e00f079ee5ee,EnvironmentAggregate,stgraph,smartbench,large,8,9684,1,112,OPTIMIZED
a4b5c475-f84a-4d06-a9f8-7fd24ae2ab5a,EnvironmentAggregate,stgraph,smartbench,large,16,8285,1,112,OPTIMIZED
0dd4b73d-42f0-448f-a1d2-26b3afb9e749,EnvironmentAggregate,stgraph,smartbench,extralarge,1,152890,1,88,OPTIMIZED
57729bfe-3ca6-4536-9493-b38de39e26c6,EnvironmentAggregate,stgraph,smartbench,extralarge,4,44437,1,88,OPTIMIZED
7f4e5741-e328-4d3b-9f91-67bb7ba85dc4,EnvironmentAggregate,stgraph,smartbench,extralarge,8,30127,1,88,OPTIMIZED
10aaf838-64f3-4fe1-9101-d687299f4f1b,EnvironmentAggregate,stgraph,smartbench,extralarge,16,26603,1,88,OPTIMIZED
861bdcc9-fbef-4201-881b-c6463ffb71b7,EnvironmentAggregate,stgraph,smartbench,large,1,74928,4,112,OPTIMIZED
56f28efe-9e4e-4378-b7fa-726714816a7c,EnvironmentAggregate,stgraph,smartbench,large,4,18063,4,112,OPTIMIZED
9e9915ad-e24f-47a3-a721-b785e2cc2ce5,EnvironmentAggregate,stgraph,smartbench,large,8,9634,4,112,OPTIMIZED
efa0cb69-d0d7-42f9-ab79-871a1c766656,EnvironmentAggregate,stgraph,smartbench,large,16,7882,4,112,OPTIMIZED
73e144ab-3dd1-4d30-b99c-b87895da7518,EnvironmentAggregate,stgraph,smartbench,extralarge,1,102109,4,88,OPTIMIZED
4d6c9d16-84eb-4b65-8ffc-b7b8c5f69eeb,EnvironmentAggregate,stgraph,smartbench,extralarge,4,24756,4,88,OPTIMIZED
43671c13-884e-4b38-be46-46258b20d331,EnvironmentAggregate,stgraph,smartbench,extralarge,8,13351,4,88,OPTIMIZED
e5410e0d-edb4-45d8-9a0d-81f4f2816e8c,EnvironmentAggregate,stgraph,smartbench,extralarge,16,9478,4,88,OPTIMIZED
d65a640d-d042-4e1c-9098-110b998b3245,EnvironmentAggregate,stgraph,smartbench,large,16,7079,2,112,OPTIMIZED
41797e86-8d40-43ce-b94c-89b923f5eae3,EnvironmentAggregate,stgraph,smartbench,extralarge,16,14973,2,88,OPTIMIZED
fe756de3-67ec-4052-987e-473d447782a8,AgentOutlier,stgraph,smartbench,large,1,68323,1,1000,OPTIMIZED
6de1bd75-02ca-49e9-823d-751e0dcec6d8,AgentOutlier,stgraph,smartbench,extralarge,1,137400,1,185,OPTIMIZED
1f1cf710-4b15-4dde-aae0-89cd00ffced1,AgentOutlier,stgraph,smartbench,large,1,64044,1,1000,OPTIMIZED
910122d2-f0b1-4209-a2b8-a4521f3dd6d5,AgentOutlier,stgraph,smartbench,large,4,17910,1,1000,OPTIMIZED
915994c3-d4b5-4f84-babb-a0c40d1c7a0d,AgentOutlier,stgraph,smartbench,large,8,12117,1,1000,OPTIMIZED
cbeb6772-9914-4d45-a431-70c9ec6dd364,AgentOutlier,stgraph,smartbench,large,16,10190,1,1000,OPTIMIZED
e987efb0-1423-45aa-9ba3-f3759e79623d,AgentOutlier,stgraph,smartbench,extralarge,1,136715,1,185,OPTIMIZED
9b1c7692-348a-4807-94d9-c1f7536e3f5e,AgentOutlier,stgraph,smartbench,extralarge,4,39879,1,185,OPTIMIZED
92786924-c75c-4c02-8a41-73bb3841b465,AgentOutlier,stgraph,smartbench,extralarge,8,27728,1,185,OPTIMIZED
0f54ff51-ba74-4602-9162-7560b50bf6dc,AgentOutlier,stgraph,smartbench,extralarge,16,24743,1,185,OPTIMIZED
b6e66d29-d1f7-451c-860d-48378b912a28,AgentOutlier,stgraph,smartbench,large,1,62546,4,1000,OPTIMIZED
ff033d59-0b08-43ad-bb18-18f93886aae1,AgentOutlier,stgraph,smartbench,large,4,15372,4,1000,OPTIMIZED
66e12f14-82fc-4bb0-9049-b510d14447cb,AgentOutlier,stgraph,smartbench,large,8,7986,4,1000,OPTIMIZED
9af31e03-ab75-48a4-a0ea-a4a091f85938,AgentOutlier,stgraph,smartbench,large,16,4762,4,1000,OPTIMIZED
75240f31-950c-4628-b0b6-85ac5b74701a,AgentOutlier,stgraph,smartbench,extralarge,1,72140,4,185,OPTIMIZED
032795f6-2fac-44f4-a26c-01135a7aa63f,AgentOutlier,stgraph,smartbench,extralarge,4,19826,4,185,OPTIMIZED
43946e90-3380-4b17-86b5-f809a8ed493c,AgentOutlier,stgraph,smartbench,extralarge,8,10695,4,185,OPTIMIZED
00a3e97f-02c7-4c38-b25f-a064554a6525,AgentOutlier,stgraph,smartbench,extralarge,16,7090,4,185,OPTIMIZED
b34be10c-f550-4483-9c48-561c15348dfd,AgentOutlier,stgraph,smartbench,large,16,6262,2,1000,OPTIMIZED
a23d9981-72a1-4dc7-82bc-9d0df51f41ad,AgentOutlier,stgraph,smartbench,extralarge,16,12466,2,185,OPTIMIZED
ef959ec2-2ad9-46a0-923b-cf07aa8b3cea,MaintenanceOwners,stgraph,smartbench,large,1,10054,1,1000,OPTIMIZED
17ccde04-441e-473e-91f3-02d3dc251f35,MaintenanceOwners,stgraph,smartbench,extralarge,1,2941,1,185,OPTIMIZED
fad5932b-97d7-4cba-95b3-b900a305042f,MaintenanceOwners,stgraph,smartbench,large,1,9938,1,1000,OPTIMIZED
11d73f96-1f82-4d4b-8055-35242bc99a93,MaintenanceOwners,stgraph,smartbench,large,4,3706,1,1000,OPTIMIZED
494f541f-ae57-4729-be49-fb416c009d6d,MaintenanceOwners,stgraph,smartbench,large,8,2587,1,1000,OPTIMIZED
11bdf103-ff07-4ead-bd5b-dc95c45d497e,MaintenanceOwners,stgraph,smartbench,large,16,2441,1,1000,OPTIMIZED
708c0ec4-4273-4f12-b66c-2d2087eb974b,MaintenanceOwners,stgraph,smartbench,extralarge,1,2827,1,185,OPTIMIZED
c3babfef-811d-4a70-9c17-e77b488ed510,MaintenanceOwners,stgraph,smartbench,extralarge,4,1255,1,185,OPTIMIZED
58d76e9a-8210-473d-a9c8-a09796da97db,MaintenanceOwners,stgraph,smartbench,extralarge,8,1020,1,185,OPTIMIZED
e6db4fb7-f923-4d1f-9135-62e88c780854,MaintenanceOwners,stgraph,smartbench,extralarge,16,975,1,185,OPTIMIZED
c6ae6357-5396-41c7-a371-83e9d6a1dd83,MaintenanceOwners,stgraph,smartbench,large,1,21611,4,1000,OPTIMIZED
7ca0834f-e634-4a68-96ad-5babfe655526,MaintenanceOwners,stgraph,smartbench,large,4,5569,4,1000,OPTIMIZED
f75edcb8-21e5-422b-a214-246714f0e8df,MaintenanceOwners,stgraph,smartbench,large,8,3657,4,1000,OPTIMIZED
fe24026c-ce6b-46e5-8e03-bc8515904283,MaintenanceOwners,stgraph,smartbench,large,16,2774,4,1000,OPTIMIZED
4fcfbe4a-f94f-4f48-a69a-0afe049c0f15,MaintenanceOwners,stgraph,smartbench,extralarge,1,6201,4,185,OPTIMIZED
5ec395a8-0636-4b43-9ac5-e13fd67818c9,MaintenanceOwners,stgraph,smartbench,extralarge,4,2042,4,185,OPTIMIZED
0656eb09-6168-4e3a-9bd5-de7ba4e1ead0,MaintenanceOwners,stgraph,smartbench,extralarge,8,1526,4,185,OPTIMIZED
47db36ea-c23c-4833-84a0-ead86175da63,MaintenanceOwners,stgraph,smartbench,extralarge,16,1247,4,185,OPTIMIZED
a2cec539-6f9b-425e-a609-7395e2978536,MaintenanceOwners,stgraph,smartbench,large,16,2732,2,1000,OPTIMIZED
e7cf2556-5d9b-4fa0-a224-e3b024e14ad7,MaintenanceOwners,stgraph,smartbench,extralarge,16,1122,2,185,OPTIMIZED
0bc8567e-321e-4a96-8aff-63b4e740e1e7,EnvironmentOutlier,stgraph,smartbench,large,1,152563,1,5,OPTIMIZED
6dcecd67-758d-4c52-8372-436c665490c0,EnvironmentOutlier,stgraph,smartbench,extralarge,1,940224,1,2,OPTIMIZED
c0545c77-9149-49f1-b88e-189b4d3ad5ac,EnvironmentOutlier,stgraph,smartbench,large,1,152757,1,5,OPTIMIZED
1f578959-5558-45ce-9ec6-4be428087007,EnvironmentOutlier,stgraph,smartbench,large,4,47287,1,5,OPTIMIZED
897041a6-cf84-4c81-a4ea-16e28c887e79,EnvironmentOutlier,stgraph,smartbench,large,8,35172,1,5,OPTIMIZED
30c107b8-35a2-4a2d-9612-e5844023ca5d,EnvironmentOutlier,stgraph,smartbench,large,16,32130,1,5,OPTIMIZED
778b22db-2359-4802-a01b-fc088a2b2c3c,EnvironmentOutlier,stgraph,smartbench,extralarge,1,938587,1,2,OPTIMIZED
3312835e-48fb-4711-8671-6b9a69079cf3,EnvironmentOutlier,stgraph,smartbench,extralarge,4,297626,1,2,OPTIMIZED
357225fd-5973-4f21-a0d6-3cf01aaef775,EnvironmentOutlier,stgraph,smartbench,extralarge,8,239138,1,2,OPTIMIZED
66d29cc0-dd81-42fa-8a73-899d99be6df7,EnvironmentOutlier,stgraph,smartbench,extralarge,16,224667,1,2,OPTIMIZED
791cb6ca-390f-4623-9cf9-9b766aec8793,EnvironmentOutlier,stgraph,smartbench,large,1,113196,4,5,OPTIMIZED
39bf375d-d849-4f31-826f-caf2e69a5836,EnvironmentOutlier,stgraph,smartbench,large,4,28552,4,5,OPTIMIZED
e11fbd47-53b4-418e-865d-df9ccb76f3d2,EnvironmentOutlier,stgraph,smartbench,large,8,15299,4,5,OPTIMIZED
f28d8e78-5c7b-4ce9-9251-75ce5af45246,EnvironmentOutlier,stgraph,smartbench,large,16,9662,4,5,OPTIMIZED
29d2c270-9ff5-4624-8164-9190e537ac07,EnvironmentOutlier,stgraph,smartbench,extralarge,1,421452,4,2,OPTIMIZED
3cf05ab0-f4a8-4867-be70-ec817c199a4f,EnvironmentOutlier,stgraph,smartbench,extralarge,4,115674,4,2,OPTIMIZED
6890019e-5655-44a0-9dec-6fdf855e316b,EnvironmentOutlier,stgraph,smartbench,extralarge,8,66702,4,2,OPTIMIZED
02b4dd11-92b1-4696-89d7-646e08f07c19,EnvironmentOutlier,stgraph,smartbench,extralarge,16,56082,4,2,OPTIMIZED
220f195e-8db7-4f01-bac3-a424cfd2c43d,EnvironmentOutlier,stgraph,smartbench,large,16,15930,2,5,OPTIMIZED
fe44331d-7c56-46d8-a71f-7758cd0d5395,EnvironmentOutlier,stgraph,smartbench,extralarge,16,107416,2,2,OPTIMIZED
3ea224d9-9d1d-4ed7-812c-2150092c78bf,EnvironmentCoverage,stgraph,smartbench,large,1,12,1,131,OPTIMIZED
9032fcfa-903c-4e52-a72d-27a247a7994d,EnvironmentCoverage,stgraph,smartbench,extralarge,1,8,1,33,OPTIMIZED
34b8a0f3-d914-43f7-b8c1-33d911f3451f,EnvironmentCoverage,stgraph,smartbench,large,1,7,1,131,OPTIMIZED
90f5d49f-ef45-4bd3-88ab-d5242a778d6c,EnvironmentCoverage,stgraph,smartbench,large,4,6,1,131,OPTIMIZED
5f3e1dff-bb13-4263-a554-f7adbb4497c1,EnvironmentCoverage,stgraph,smartbench,large,8,5,1,131,OPTIMIZED
ba254c67-adae-4cc2-8011-ae0f9230c81b,EnvironmentCoverage,stgraph,smartbench,large,16,5,1,131,OPTIMIZED
ce4dcafd-decf-4610-94ba-3a2daf951258,EnvironmentCoverage,stgraph,smartbench,extralarge,1,6,1,33,OPTIMIZED
d5b09b73-91be-4588-a6c1-1f5812ec4d11,EnvironmentCoverage,stgraph,smartbench,extralarge,4,5,1,33,OPTIMIZED
ba71c0d6-4162-4f22-b4b5-f072ceae33f4,EnvironmentCoverage,stgraph,smartbench,extralarge,8,5,1,33,OPTIMIZED
dc809263-379d-4b8c-8952-36ff1cae535e,EnvironmentCoverage,stgraph,smartbench,extralarge,16,4,1,33,OPTIMIZED
06488fe6-c475-4e77-9957-7e0de9786e42,EnvironmentCoverage,stgraph,smartbench,large,1,7,4,131,OPTIMIZED
610a240d-3f9c-4543-8eb5-52e35b1f3386,EnvironmentCoverage,stgraph,smartbench,large,4,5,4,131,OPTIMIZED
3be00117-f667-49da-b90c-5e60ea75c82b,EnvironmentCoverage,stgraph,smartbench,large,8,5,4,131,OPTIMIZED
f2bab84c-2e93-4649-858c-b51741b10db0,EnvironmentCoverage,stgraph,smartbench,large,16,5,4,131,OPTIMIZED
b4c5793c-a423-4658-a91a-85be545a4011,EnvironmentCoverage,stgraph,smartbench,extralarge,1,5,4,33,OPTIMIZED
b0f93f86-c4f2-487d-b52a-c1ee189863d9,EnvironmentCoverage,stgraph,smartbench,extralarge,4,4,4,33,OPTIMIZED
f60e4fa4-7d44-4318-9cc8-03459635bd48,EnvironmentCoverage,stgraph,smartbench,extralarge,8,4,4,33,OPTIMIZED
83307cbf-46ba-4192-843f-ad4589f699fa,EnvironmentCoverage,stgraph,smartbench,extralarge,16,3,4,33,OPTIMIZED
1651b9a1-4fac-46b9-b960-e32833a008a8,EnvironmentCoverage,stgraph,smartbench,large,16,6,2,131,OPTIMIZED
d8d20b95-6fa6-4179-9641-b02e5cbde0d1,EnvironmentCoverage,stgraph,smartbench,extralarge,16,5,2,33,OPTIMIZED
63aa1116-8171-457f-a163-010ae3788d72,AgentHistory,stgraph,smartbench,large,1,35,1,1,OPTIMIZED
471fa8ee-86de-441a-adff-7074306b7f98,AgentHistory,stgraph,smartbench,extralarge,1,27,1,1,OPTIMIZED
34170eb1-9d1c-431d-aa3c-a353e90bb293,AgentHistory,stgraph,smartbench,large,1,29,1,1,OPTIMIZED
e1fc6f0e-6f4b-4c19-958b-e29018c31869,AgentHistory,stgraph,smartbench,large,4,27,1,1,OPTIMIZED
6311d220-3177-4bd4-be78-dc7ccf912760,AgentHistory,stgraph,smartbench,large,8,33,1,1,OPTIMIZED
20902dcf-c195-480c-843a-b78eb31db8b1,AgentHistory,stgraph,smartbench,large,16,31,1,1,OPTIMIZED
056a9ad9-2ee2-4df4-a74f-0d1dae0b4b48,AgentHistory,stgraph,smartbench,extralarge,1,26,1,1,OPTIMIZED
e482fa73-212e-4fe8-bd3e-86e800536ab6,AgentHistory,stgraph,smartbench,extralarge,4,27,1,1,OPTIMIZED
14c16afc-4bb6-460b-bfe5-8cfee478cc2f,AgentHistory,stgraph,smartbench,extralarge,8,22,1,1,OPTIMIZED
36890006-65fa-46c3-be81-f44c4a76e063,AgentHistory,stgraph,smartbench,extralarge,16,30,1,1,OPTIMIZED
6499f86f-574f-48ea-b290-d11729411189,AgentHistory,stgraph,smartbench,large,1,50,4,1,OPTIMIZED
390532dd-6bbf-46cc-acb8-6f4bc579272d,AgentHistory,stgraph,smartbench,large,4,37,4,1,OPTIMIZED
91228ad6-d472-4fa7-a1c7-c0ced94bdfae,AgentHistory,stgraph,smartbench,large,8,43,4,1,OPTIMIZED
3e2237d5-07ad-4004-a119-8ac11db18f91,AgentHistory,stgraph,smartbench,large,16,39,4,1,OPTIMIZED
5476f1b2-57af-4ebf-900d-f1fb060c8aa4,AgentHistory,stgraph,smartbench,extralarge,1,39,4,1,OPTIMIZED
bd91648a-123f-4963-a65c-62395e3a3a96,AgentHistory,stgraph,smartbench,extralarge,4,37,4,1,OPTIMIZED
20ce5b33-1ecb-41e5-8d0b-9af1dc5e327b,AgentHistory,stgraph,smartbench,extralarge,8,37,4,1,OPTIMIZED
8a6d678c-a9c8-4817-9b06-81c2b56b0f2a,AgentHistory,stgraph,smartbench,extralarge,16,36,4,1,OPTIMIZED
9bdb6463-6564-43c1-bb23-2613be950ecb,AgentHistory,stgraph,smartbench,large,16,39,2,1,OPTIMIZED
3a00e667-4c1c-4f8f-9970-852ffc566cc3,AgentHistory,stgraph,smartbench,extralarge,16,37,2,1,OPTIMIZED
146b912b-1a71-4ced-b16c-066344d074e0,EnvironmentAggregate,stgraph,smartbench,large,1,66607,1,112,OPTIMIZED
b55ce492-e6c7-486a-90d8-e69b77c924b8,EnvironmentAggregate,stgraph,smartbench,extralarge,1,153569,1,88,OPTIMIZED
37f34af4-95c7-4b66-be32-f0552c7ea916,EnvironmentAggregate,stgraph,smartbench,large,1,63113,1,112,OPTIMIZED
18cf29c8-b593-48ca-a02c-c8ce507707e1,EnvironmentAggregate,stgraph,smartbench,large,4,15685,1,112,OPTIMIZED
c3515440-efa5-4f62-9334-bb7663d5ec17,EnvironmentAggregate,stgraph,smartbench,large,8,9185,1,112,OPTIMIZED
7f59fada-dc61-4d0f-91d3-6cbada713b83,EnvironmentAggregate,stgraph,smartbench,large,16,8166,1,112,OPTIMIZED
af1f4a7c-6dd1-4d32-8d1f-26a36ca6d773,EnvironmentAggregate,stgraph,smartbench,extralarge,1,152438,1,88,OPTIMIZED
d4bc910f-b2f6-4695-b62f-0ef6eb1c1639,EnvironmentAggregate,stgraph,smartbench,extralarge,4,44230,1,88,OPTIMIZED
d26c1997-bde6-4886-a1c1-fa9832d80c56,EnvironmentAggregate,stgraph,smartbench,extralarge,8,29682,1,88,OPTIMIZED
b757dee5-7ec7-40d9-880e-475c8ac97f04,EnvironmentAggregate,stgraph,smartbench,extralarge,16,26577,1,88,OPTIMIZED
e98a61f5-1e2f-4666-9973-e8ceb5058dce,EnvironmentAggregate,stgraph,smartbench,large,1,67420,4,112,OPTIMIZED
6e095c9b-a750-4119-8dba-6e860aefa383,EnvironmentAggregate,stgraph,smartbench,large,4,16147,4,112,OPTIMIZED
3bb4008d-9abd-42f5-b753-a77c40d0b827,EnvironmentAggregate,stgraph,smartbench,large,8,9015,4,112,OPTIMIZED
2a54c2d2-90d9-435b-a527-ae0ccc5f4d2f,EnvironmentAggregate,stgraph,smartbench,large,16,6767,4,112,OPTIMIZED
0ec2e20a-ebc6-4bcd-8935-26eb5894d2e2,EnvironmentAggregate,stgraph,smartbench,extralarge,1,95792,4,88,OPTIMIZED
57124e10-de67-4cd9-a151-b068ef750006,EnvironmentAggregate,stgraph,smartbench,extralarge,4,24124,4,88,OPTIMIZED
2a10051d-0ea2-4056-99be-db363e4c9985,EnvironmentAggregate,stgraph,smartbench,extralarge,8,13239,4,88,OPTIMIZED
516b5f8e-9952-4089-b487-40c15d8a1a30,EnvironmentAggregate,stgraph,smartbench,extralarge,16,9328,4,88,OPTIMIZED
3287ce09-5345-44e5-8231-b7223e2d79fc,EnvironmentAggregate,stgraph,smartbench,large,16,7439,2,112,OPTIMIZED
80dd80fb-031a-46d0-9515-40e018186465,EnvironmentAggregate,stgraph,smartbench,extralarge,16,13977,2,88,OPTIMIZED
a6a3a2dd-6deb-41be-bf7a-bc3be70e7758,AgentOutlier,stgraph,smartbench,large,1,64000,1,1000,OPTIMIZED
de4a4425-2690-48ce-be40-5ba135ce8989,AgentOutlier,stgraph,smartbench,extralarge,1,136425,1,185,OPTIMIZED
0e2236fc-f3c8-4cd1-a4a5-d0d497c60f7f,AgentOutlier,stgraph,smartbench,large,1,64035,1,1000,OPTIMIZED
cfcdc2d5-bb3a-4b66-93bb-c0d95169eb84,AgentOutlier,stgraph,smartbench,large,4,18022,1,1000,OPTIMIZED
d72c9921-3c95-4db7-a697-894c0ca5ba7f,AgentOutlier,stgraph,smartbench,large,8,12069,1,1000,OPTIMIZED
000cd2c8-9d9f-4324-8a5f-eac377bec674,AgentOutlier,stgraph,smartbench,large,16,10326,1,1000,OPTIMIZED
dd9d0b2c-9d4c-48bb-8220-8a2580b9c4f9,AgentOutlier,stgraph,smartbench,extralarge,1,136622,1,185,OPTIMIZED
5f795408-9a2c-45c7-a102-f1c5107f48dd,AgentOutlier,stgraph,smartbench,extralarge,4,39729,1,185,OPTIMIZED
739bb75c-425e-4eee-81ed-32ebb44a4511,AgentOutlier,stgraph,smartbench,extralarge,8,27382,1,185,OPTIMIZED
c6627a98-50f5-435a-a514-99b6aa2cf861,AgentOutlier,stgraph,smartbench,extralarge,16,24623,1,185,OPTIMIZED
66cc7045-799f-42a7-a93b-32292241206c,AgentOutlier,stgraph,smartbench,large,1,62539,4,1000,OPTIMIZED
c5fb5a74-2ad8-469b-9a7f-d3af1ab5ca44,AgentOutlier,stgraph,smartbench,large,4,15229,4,1000,OPTIMIZED
f2a58d5d-0f00-41f6-8983-0c50cb6b2136,AgentOutlier,stgraph,smartbench,large,8,7881,4,1000,OPTIMIZED
9aba5bc3-d48b-4c63-9bcc-26074b8bba62,AgentOutlier,stgraph,smartbench,large,16,4675,4,1000,OPTIMIZED
a5434a4b-5e6e-46cc-9caa-92930cbdda93,AgentOutlier,stgraph,smartbench,extralarge,1,75203,4,185,OPTIMIZED
433b41ab-fa2c-4bf8-b36d-1c0450247c37,AgentOutlier,stgraph,smartbench,extralarge,4,19858,4,185,OPTIMIZED
d6112ddc-3cf3-4650-99a4-3bc552e10c6f,AgentOutlier,stgraph,smartbench,extralarge,8,10863,4,185,OPTIMIZED
dfd2bb34-53bc-41d1-bef6-b2a430339cfa,AgentOutlier,stgraph,smartbench,extralarge,16,7101,4,185,OPTIMIZED
2f103fb1-4764-43ad-91b6-fa7ecb0c3bc6,AgentOutlier,stgraph,smartbench,large,16,6104,2,1000,OPTIMIZED
1527b06d-b3b5-40ca-ab06-72318d888649,AgentOutlier,stgraph,smartbench,extralarge,16,12389,2,185,OPTIMIZED
c216c3fb-837e-4526-8fe6-1d334e0ada72,MaintenanceOwners,stgraph,smartbench,large,1,10175,1,1000,OPTIMIZED
c4c307f8-7095-4c3e-b80f-1433605f0bc5,MaintenanceOwners,stgraph,smartbench,extralarge,1,2928,1,185,OPTIMIZED
d118fc30-92d2-4365-bd0a-3063b330081c,MaintenanceOwners,stgraph,smartbench,large,1,9187,1,1000,OPTIMIZED
5a74bee6-9e63-46da-995a-ff09ad6d8371,MaintenanceOwners,stgraph,smartbench,large,4,3505,1,1000,OPTIMIZED
9a2b6ab4-8ae2-4008-9e0d-273e1c634508,MaintenanceOwners,stgraph,smartbench,large,8,2799,1,1000,OPTIMIZED
99e155bf-69c3-449e-8b28-94bfb1c91560,MaintenanceOwners,stgraph,smartbench,large,16,2416,1,1000,OPTIMIZED
a3c83dfe-8ee3-4406-a43a-53d86681e6ac,MaintenanceOwners,stgraph,smartbench,extralarge,1,2777,1,185,OPTIMIZED
04cbea49-168b-44ab-9421-5aae4fca689d,MaintenanceOwners,stgraph,smartbench,extralarge,4,1259,1,185,OPTIMIZED
908f5fcf-31da-471e-a9a4-12964b55f7c7,MaintenanceOwners,stgraph,smartbench,extralarge,8,1182,1,185,OPTIMIZED
82ddabb7-2993-414a-b06d-e0f1139a974e,MaintenanceOwners,stgraph,smartbench,extralarge,16,1124,1,185,OPTIMIZED
e5088b93-3526-41a4-94d5-186c9c81b399,MaintenanceOwners,stgraph,smartbench,large,1,19455,4,1000,OPTIMIZED
be6510f3-94c6-4dbd-ba7d-a1e08dea8949,MaintenanceOwners,stgraph,smartbench,large,4,5945,4,1000,OPTIMIZED
02994c9e-3892-4616-9ee5-afddc8c298f6,MaintenanceOwners,stgraph,smartbench,large,8,4124,4,1000,OPTIMIZED
c755264c-4a1a-467e-8a68-66b432206ca1,MaintenanceOwners,stgraph,smartbench,large,16,2893,4,1000,OPTIMIZED
65c4d1b7-aa34-407a-a6b3-8bbd8b313850,MaintenanceOwners,stgraph,smartbench,extralarge,1,5661,4,185,OPTIMIZED
62685393-ae35-4475-9385-c865a73c871f,MaintenanceOwners,stgraph,smartbench,extralarge,4,1903,4,185,OPTIMIZED
2a3da801-9922-4fcb-842a-e45414272c4c,MaintenanceOwners,stgraph,smartbench,extralarge,8,1530,4,185,OPTIMIZED
66ea9ed8-f241-4fbc-a71b-5d6519e43c99,MaintenanceOwners,stgraph,smartbench,extralarge,16,1240,4,185,OPTIMIZED
d66abe9a-cfeb-46db-a51f-aa7579a5a3c2,MaintenanceOwners,stgraph,smartbench,large,16,2819,2,1000,OPTIMIZED
e51f0c91-4ad7-4df6-8b8c-a71267f8b017,MaintenanceOwners,stgraph,smartbench,extralarge,16,1194,2,185,OPTIMIZED
6accf1ec-a7cd-4d97-bad0-3592822fdeeb,EnvironmentOutlier,stgraph,smartbench,large,1,152767,1,5,OPTIMIZED
5d767ead-ac27-46b2-88a5-6c466cd290c6,EnvironmentOutlier,stgraph,smartbench,extralarge,1,960081,1,2,OPTIMIZED
5618a203-5960-478d-be3e-8c07b0833b74,EnvironmentOutlier,stgraph,smartbench,large,1,155732,1,5,OPTIMIZED
8d85106f-d78e-4305-a69c-0aaa5bd8dc59,EnvironmentOutlier,stgraph,smartbench,large,4,48290,1,5,OPTIMIZED
2df14ac7-d930-482b-b933-91d2d46524e8,EnvironmentOutlier,stgraph,smartbench,large,8,35807,1,5,OPTIMIZED
f9f56cb6-967d-4966-b4fe-8e7ddfdce1ad,EnvironmentOutlier,stgraph,smartbench,large,16,32597,1,5,OPTIMIZED
00c25118-5016-4b21-97b4-26466490dff0,EnvironmentOutlier,stgraph,smartbench,extralarge,1,964774,1,2,OPTIMIZED
e779d789-5f6b-466a-b831-d5d1e323d91c,EnvironmentOutlier,stgraph,smartbench,extralarge,4,294576,1,2,OPTIMIZED
d4cc1289-fce5-4e99-ac20-ee025e547733,EnvironmentOutlier,stgraph,smartbench,extralarge,8,237853,1,2,OPTIMIZED
8d778c6b-d3fc-4dff-847a-4b6a57be8f9d,EnvironmentOutlier,stgraph,smartbench,extralarge,16,222449,1,2,OPTIMIZED
3557f78e-993f-4039-ac2d-991cebd340de,EnvironmentOutlier,stgraph,smartbench,large,1,112647,4,5,OPTIMIZED
718d2302-b956-4df4-8ba9-b496284d00cc,EnvironmentOutlier,stgraph,smartbench,large,4,28705,4,5,OPTIMIZED
2820c5c9-63ab-45b6-9238-0ea7a9bfea5f,EnvironmentOutlier,stgraph,smartbench,large,8,15577,4,5,OPTIMIZED
bfabdede-f807-4b1b-be0c-d797ded63b6e,EnvironmentOutlier,stgraph,smartbench,large,16,9984,4,5,OPTIMIZED
48b3a7e9-a5de-46c7-a5d6-b7aca7fdc216,EnvironmentOutlier,stgraph,smartbench,extralarge,1,416565,4,2,OPTIMIZED
b1cae288-00fa-4656-a1a5-086daa0cea02,EnvironmentOutlier,stgraph,smartbench,extralarge,4,114931,4,2,OPTIMIZED
1a1dd715-259a-4915-abce-2294ff926330,EnvironmentOutlier,stgraph,smartbench,extralarge,8,67839,4,2,OPTIMIZED
c341ea7b-22fb-46db-8a64-340c05fd76de,EnvironmentOutlier,stgraph,smartbench,extralarge,16,55582,4,2,OPTIMIZED
6b248080-7113-4d02-b849-b4425ae2a169,EnvironmentOutlier,stgraph,smartbench,large,16,15829,2,5,OPTIMIZED
fc431932-02f2-483b-b1e7-4c250bfa31dc,EnvironmentOutlier,stgraph,smartbench,extralarge,16,106848,2,2,OPTIMIZED
30b88e6d-6c4c-46fd-9cd2-d3292029f526,EnvironmentCoverage,stgraph,smartbench,large,1,13,1,131,NAIVE
4c4dab68-55d7-44e2-ae17-e09fdf876b0b,EnvironmentCoverage,stgraph,smartbench,large,1,9,1,131,OPTIMIZED
55db5f65-3ab9-4916-a33b-8bad5259a87e,EnvironmentCoverage,stgraph,smartbench,extralarge,1,7,1,33,NAIVE
81567255-c433-4e91-8511-745638d4173d,EnvironmentCoverage,stgraph,smartbench,extralarge,1,6,1,33,OPTIMIZED
e8fc1633-1ede-46e7-a623-f6cdabb23f99,EnvironmentCoverage,stgraph,smartbench,large,1,8,1,131,OPTIMIZED
f148178a-43fb-4d2e-8ebf-07a0b4a8cb3c,EnvironmentCoverage,stgraph,smartbench,large,4,6,1,131,OPTIMIZED
5db035a8-baf0-4108-bd09-d102b6e353a5,EnvironmentCoverage,stgraph,smartbench,large,8,5,1,131,OPTIMIZED
37fde1ad-7089-428b-8344-7fe3783d4e47,EnvironmentCoverage,stgraph,smartbench,large,16,5,1,131,OPTIMIZED
268d8615-ed6b-46ea-8b3b-5666557be7bc,EnvironmentCoverage,stgraph,smartbench,extralarge,1,7,1,33,OPTIMIZED
cb5cd595-3bd9-4c87-a45e-6f3876cdb085,EnvironmentCoverage,stgraph,smartbench,extralarge,4,5,1,33,OPTIMIZED
d00e7069-2c1d-471a-b813-4398349b710d,EnvironmentCoverage,stgraph,smartbench,extralarge,8,5,1,33,OPTIMIZED
78e7133c-a620-4b1d-a0cb-7b5dbea64059,EnvironmentCoverage,stgraph,smartbench,extralarge,16,5,1,33,OPTIMIZED
e4bb0088-579d-4f28-bf5c-9813676364e5,EnvironmentCoverage,stgraph,smartbench,large,1,6,4,131,OPTIMIZED
79eb47ac-000f-4321-8153-b1050afd17c8,EnvironmentCoverage,stgraph,smartbench,large,4,5,4,131,OPTIMIZED
bf373bb1-653f-43fd-ac5a-22a6632d80d4,EnvironmentCoverage,stgraph,smartbench,large,8,4,4,131,OPTIMIZED
15434047-19a2-4d14-ace3-005cb4c5055d,EnvironmentCoverage,stgraph,smartbench,large,16,4,4,131,OPTIMIZED
fdeebae4-5049-4d6f-a2af-f953037b331a,EnvironmentCoverage,stgraph,smartbench,extralarge,1,6,4,33,OPTIMIZED
c3eaa853-ccdd-469b-84b8-7688e2d62e4b,EnvironmentCoverage,stgraph,smartbench,extralarge,4,5,4,33,OPTIMIZED
ec4e7b1f-0aa2-454e-add2-5b0b7efe1d40,EnvironmentCoverage,stgraph,smartbench,extralarge,8,4,4,33,OPTIMIZED
78508052-45fe-4b28-afc4-2e225d13bceb,EnvironmentCoverage,stgraph,smartbench,extralarge,16,4,4,33,OPTIMIZED
63da8363-8967-410c-a289-4dc51a6340ad,EnvironmentCoverage,stgraph,smartbench,large,16,7,2,131,OPTIMIZED
de217f14-1641-4591-a232-7555476f278b,EnvironmentCoverage,stgraph,smartbench,extralarge,16,3,2,33,OPTIMIZED
91e178b8-05c3-4ff6-877f-510902493edf,AgentHistory,stgraph,smartbench,large,1,6194,1,1,NAIVE
efdc3f9b-f12c-42c9-bcbc-d7c4334aa301,AgentHistory,stgraph,smartbench,large,1,25,1,1,OPTIMIZED
d1bb2b19-2574-4e43-b8fe-424b5274c068,AgentHistory,stgraph,smartbench,extralarge,1,36615,1,1,NAIVE
6317c7d2-ebd2-44c2-b4a4-b7c8c555b456,AgentHistory,stgraph,smartbench,extralarge,1,21,1,1,OPTIMIZED
d5ee10bb-6e08-4b7e-b486-38c74ffb64a8,AgentHistory,stgraph,smartbench,large,1,26,1,1,OPTIMIZED
c66a8d93-809a-4702-910c-3fb0cd58fdce,AgentHistory,stgraph,smartbench,large,4,22,1,1,OPTIMIZED
2e0aa4cb-eb32-412f-9abc-de944863613e,AgentHistory,stgraph,smartbench,large,8,19,1,1,OPTIMIZED
f58ec159-166f-41cc-8e47-0beda7679498,AgentHistory,stgraph,smartbench,large,16,19,1,1,OPTIMIZED
b4e4648a-5c31-4f57-a22e-7cf131701b93,AgentHistory,stgraph,smartbench,extralarge,1,21,1,1,OPTIMIZED
72845592-3336-449c-a9a3-9ec341e75cb2,AgentHistory,stgraph,smartbench,extralarge,4,19,1,1,OPTIMIZED
a80cd163-a18b-4de1-b5e9-68f5076d1c3e,AgentHistory,stgraph,smartbench,extralarge,8,19,1,1,OPTIMIZED
a2056c4e-2f1f-4b86-8ad5-f6e8ca676c41,AgentHistory,stgraph,smartbench,extralarge,16,18,1,1,OPTIMIZED
d3b0ad6f-a7d9-4082-ae73-285c51a2ff1d,AgentHistory,stgraph,smartbench,large,1,40,4,1,OPTIMIZED
a0b44536-b327-4d1e-868e-5b50883185db,AgentHistory,stgraph,smartbench,large,4,38,4,1,OPTIMIZED
5be9daad-d2dc-4b20-8b12-c1eb219ca84b,AgentHistory,stgraph,smartbench,large,8,34,4,1,OPTIMIZED
8cc6b401-9d0c-454c-a654-080edc7a6c8b,AgentHistory,stgraph,smartbench,large,16,36,4,1,OPTIMIZED
41e0ae96-2887-4a15-b298-5f98169ba415,AgentHistory,stgraph,smartbench,extralarge,1,38,4,1,OPTIMIZED
d4fc7913-f34f-4b95-9893-63a8a160e5f6,AgentHistory,stgraph,smartbench,extralarge,4,34,4,1,OPTIMIZED
2661520a-720b-4dc5-a306-c077332254ad,AgentHistory,stgraph,smartbench,extralarge,8,33,4,1,OPTIMIZED
29d59e09-241c-46f8-9589-6472a28d9f15,AgentHistory,stgraph,smartbench,extralarge,16,32,4,1,OPTIMIZED
051f1057-9c6f-4cae-ad5e-8a63a1594ce1,AgentHistory,stgraph,smartbench,large,16,36,2,1,OPTIMIZED
d10004d2-42a5-4ba1-996b-09c927c3d138,AgentHistory,stgraph,smartbench,extralarge,16,31,2,1,OPTIMIZED
4993f18a-4856-4297-8fb1-47844f5536b4,Q2Neo4J,neo4j,mimic,1692200,1,1039,1,1,OPTIMIZED
3819b368-a98d-48f0-bcaf-a2cc4dc22e67,Q2Neo4J,neo4j,mimic,16922000,1,4653,1,1,OPTIMIZED
d0da6adf-44f8-4075-850c-7bf47ef4580e,Q2Neo4J,neo4j,mimic,9223372036854775807,1,37786,1,1,OPTIMIZED
e952c908-8525-483f-8dcf-e81700657099,Q2Neo4J,neo4j,mimic,1692200,1,977,1,532,OPTIMIZED
fc75ed78-dd84-4c81-992e-584a8909adac,Q2Neo4J,neo4j,mimic,16922000,1,4655,1,702,OPTIMIZED
4235a271-7692-405b-b9c7-b96ce8c7ba67,Q2Neo4J,neo4j,mimic,9223372036854775807,1,40941,1,933,OPTIMIZED
2c758222-e687-4149-817f-b6c9f5502a39,Q3Neo4J,neo4j,mimic,1692200,1,1335,1,101,OPTIMIZED
7077916e-b286-42c1-8046-ea39e522e8cf,Q3Neo4J,neo4j,mimic,16922000,1,9465,1,159,OPTIMIZED
b3985b5d-e0d6-4863-9787-03ade0482f28,Q3Neo4J,neo4j,mimic,9223372036854775807,1,81650,1,285,OPTIMIZED
6a2585b7-5577-49c7-abdb-a2d27073f757,Q3Neo4J,neo4j,mimic,1692200,1,1268,1,101,OPTIMIZED
998e4f4b-08da-481f-af82-bc0253c1a3d1,Q3Neo4J,neo4j,mimic,16922000,1,8906,1,159,OPTIMIZED
9c212732-d9c4-4993-92f9-fc9d0f0a9766,Q3Neo4J,neo4j,mimic,9223372036854775807,1,75101,1,285,OPTIMIZED
4de9d31d-e185-4482-b4f9-58de883710ef,Q1Neo4J,neo4j,mimic,1692200,1,1370,1,47224,OPTIMIZED
1cbd0db9-07d6-4a68-aef3-e607dc7df700,Q1Neo4J,neo4j,mimic,16922000,1,9583,1,314012,OPTIMIZED
1a9a6718-49b0-42b3-9174-9f789d594257,Q1Neo4J,neo4j,mimic,9223372036854775807,1,85011,1,2978329,OPTIMIZED
b90abba5-6e30-4dfc-a97e-86d888bc0dad,Q2Neo4J,neo4j,mimic,1692200,1,1037,1,532,OPTIMIZED
321a3a22-52ae-4029-8ed3-786c6baaf8ff,Q2Neo4J,neo4j,mimic,16922000,1,4474,1,702,OPTIMIZED
be75dc1a-493f-439d-bb78-8a29bb1855b1,Q2Neo4J,neo4j,mimic,9223372036854775807,1,38382,1,933,OPTIMIZED
9a9e7ca2-734b-478e-b665-f105129e7c3e,Q2,stgraph,mimic,1692200,1,456,1,532,OPTIMIZED
3a00acd7-a7e3-482f-9cde-c2bbf752d000,Q2,stgraph,mimic,1692200,1,7121,1,532,NAIVE
2e56474a-5b2a-410d-b9fb-5422652a063e,Q2,stgraph,mimic,16922000,1,2728,1,702,OPTIMIZED
058812a7-de2b-4968-b56e-8ddfadd38ee9,Q2,stgraph,mimic,16922000,1,45566,1,702,NAIVE
c45baa4a-af21-4846-ba40-6950cdf7e2cb,Q2,stgraph,mimic,full,1,23129,1,933,OPTIMIZED
1763e43d-751e-4c7a-a737-b3dcfbc68dd6,Q2,stgraph,mimic,1692200,1,334,1,532,OPTIMIZED
a3a2dafd-76ab-4beb-8e11-e3cbfc63276a,Q2,stgraph,mimic,1692200,4,116,1,532,OPTIMIZED
fb36ff44-d35e-48f3-b072-2b7daa35a6ed,Q2,stgraph,mimic,1692200,8,105,1,532,OPTIMIZED
1e2a797c-9da5-49d6-b45e-08135161f7fc,Q2,stgraph,mimic,1692200,16,97,1,532,OPTIMIZED
83372798-47d5-48c6-9571-da9b7ec1e302,Q2,stgraph,mimic,16922000,1,2525,1,702,OPTIMIZED
4a968ceb-684b-4732-b7b1-20f546489bf9,Q2,stgraph,mimic,16922000,4,699,1,702,OPTIMIZED
37062994-54ec-42c1-a40e-8a612ac5afcd,Q2,stgraph,mimic,16922000,8,480,1,702,OPTIMIZED
068929a4-eff2-446c-90f6-b998bfb2a3e8,Q2,stgraph,mimic,16922000,16,402,1,702,OPTIMIZED
fc3898d4-d820-453f-8585-34efd2476d7b,Q2,stgraph,mimic,full,1,21851,1,933,OPTIMIZED
08ad8d66-0ca7-488c-86be-600a31d86552,Q2,stgraph,mimic,full,4,6019,1,933,OPTIMIZED
a694d0ba-10c2-450e-80c3-114408c5c267,Q2,stgraph,mimic,full,8,4045,1,933,OPTIMIZED
6c01e90a-1bf4-41ff-9c04-30dea7bc3b21,Q2,stgraph,mimic,full,16,3473,1,933,OPTIMIZED
2efc841c-f790-4f88-9941-aad2e0185028,Q2,stgraph,mimic,1692200,1,673,4,532,OPTIMIZED
abeca8f5-1da0-4d4e-b666-958c18052f1f,Q2,stgraph,mimic,1692200,4,143,4,532,OPTIMIZED
f935b416-e642-445a-92f4-35ebaf67d28b,Q2,stgraph,mimic,1692200,8,95,4,532,OPTIMIZED
6da64ab3-d46c-448d-97f2-a8c03df0d595,Q2,stgraph,mimic,1692200,16,85,4,532,OPTIMIZED
0046f486-349d-49fc-8497-94e335bf44d1,Q2,stgraph,mimic,16922000,1,3418,4,702,OPTIMIZED
77b9d7f0-8f85-4a04-a430-da58b2a40066,Q2,stgraph,mimic,16922000,4,854,4,702,OPTIMIZED
443bd35f-6324-4e3c-a2b4-a2fc7510a235,Q2,stgraph,mimic,16922000,8,468,4,702,OPTIMIZED
29d7573d-9dd3-46d1-975c-809bac8c73eb,Q2,stgraph,mimic,16922000,16,297,4,702,OPTIMIZED
c0da4a9e-566e-4a45-97a8-68f385ebe5a5,Q2,stgraph,mimic,full,1,28081,4,933,OPTIMIZED
1c51667a-45c7-48d3-8e8e-1113569d5161,Q2,stgraph,mimic,full,4,6728,4,933,OPTIMIZED
f31d24ed-65c6-4885-87de-c24ce59f09ca,Q2,stgraph,mimic,full,8,3628,4,933,OPTIMIZED
93326431-eada-4532-9a30-8f9c469b3419,Q2,stgraph,mimic,full,16,2501,4,933,OPTIMIZED
a44b65cd-c406-4273-bbdd-35a2bc57ba24,Q2,stgraph,mimic,1692200,16,332,2,532,OPTIMIZED
30067a83-e679-454d-a5aa-1b46c9185bb9,Q2,stgraph,mimic,16922000,16,402,2,702,OPTIMIZED
5be956da-7464-4c04-9c25-c56eba31c6f0,Q2,stgraph,mimic,full,16,2416,2,933,OPTIMIZED
ee1a5808-a1dd-43ac-bba4-5e4d9a725e97,Q1_10253349_141883,stgraph,mimic,full,1,408118,1,2978329,NAIVE
0c3e1b4d-9be5-4bd7-a6ba-393fe473638d,Q2_10253349_141883,stgraph,mimic,full,1,429646,1,933,NAIVE
f20ffdf6-d983-4899-ae8e-59fff6b713df,Q1_10253349_141883,stgraph,mimic,full,1,73071,1,2978329,OPTIMIZED
4b2a2e31-1ec6-4c95-ad32-8fb82e916dae,Q2_10253349_141883,stgraph,mimic,full,1,21776,1,933,OPTIMIZED
169fdef7-a47b-4693-b412-d7989d3196d1,Q1_10253349_141883,stgraph,mimic,full,1,392789,1,2978329,NAIVE
02785ee7-8687-4d8d-b8cf-da3404f52c0f,Q2_10253349_141883,stgraph,mimic,full,1,427321,1,933,NAIVE
59f1b187-5c0a-4958-9a17-9a69d9331c06,Q1_10253349_141883,stgraph,mimic,full,1,72120,1,2978329,OPTIMIZED
7f820404-deaf-432f-a156-f8ff3eca6d29,Q2_10253349_141883,stgraph,mimic,full,1,22409,1,933,OPTIMIZED
bf4ccb87-42dc-4c3e-8363-bffcffe384b5,Q1_15229355_86472,stgraph,mimic,full,1,395875,1,2978329,NAIVE
c0451cd1-3e7f-4b1f-a254-9e43d295c4d7,Q2_15229355_86472,stgraph,mimic,full,1,408883,1,933,NAIVE
e42713ed-8f9e-471c-b15a-4879227b8a32,Q1_15229355_86472,stgraph,mimic,full,1,73381,1,2978329,OPTIMIZED
42556673-5574-4009-b9e3-8c1a462585c4,Q2_15229355_86472,stgraph,mimic,full,1,21833,1,933,OPTIMIZED
e5c1fe2c-d4d3-4fb7-88d8-837e93c8968e,Q1_15229355_86472,stgraph,mimic,full,1,388946,1,2978329,NAIVE
8692323b-535c-4993-a871-0c8f7a3f2722,Q2_15229355_86472,stgraph,mimic,full,1,406174,1,933,NAIVE
8c487986-cf67-4827-b60e-c2d0c01672e3,Q1_15229355_86472,stgraph,mimic,full,1,74203,1,2978329,OPTIMIZED
12d7e792-2fb1-4cff-85c2-e485d1a13e84,Q2_15229355_86472,stgraph,mimic,full,1,21904,1,933,OPTIMIZED
4aaa6240-db64-4491-bf7f-b7620669c139,Q1_12517625_45281,stgraph,mimic,full,1,383793,1,2978329,NAIVE
b9ca6592-faba-473c-9bb8-28a76d1bfa23,Q2_12517625_45281,stgraph,mimic,full,1,418766,1,933,NAIVE
71010268-0394-46e5-b171-4373f5fa7808,Q1_12517625_45281,stgraph,mimic,full,1,74274,1,2978329,OPTIMIZED
c6f82db3-b78a-47f2-a367-164244f5180f,Q2_12517625_45281,stgraph,mimic,full,1,21813,1,933,OPTIMIZED
c46bfb08-d342-4807-b395-5ce4fb2d6d2f,Q1_12517625_45281,stgraph,mimic,full,1,410141,1,2978329,NAIVE
2f85e6b4-762a-4f85-805b-00475facf50a,Q2_12517625_45281,stgraph,mimic,full,1,420719,1,933,NAIVE
2cc88673-5b96-4fc3-86d4-2783f0cd308d,Q1_12517625_45281,stgraph,mimic,full,1,74711,1,2978329,OPTIMIZED
07854702-9ded-405c-bacc-e1eec2b8aad2,Q2_12517625_45281,stgraph,mimic,full,1,22149,1,933,OPTIMIZED
b50300a4-5a5d-4809-bc60-d58d093134e1,Q1_15386471_58632,stgraph,mimic,full,1,395730,1,2978329,NAIVE
9ca92474-de34-4d0b-92a3-b9b595de94cb,Q2_15386471_58632,stgraph,mimic,full,1,407134,1,933,NAIVE
e302e5b6-b4f5-415a-9ff7-7a5787d1ed48,Q1_15386471_58632,stgraph,mimic,full,1,75946,1,2978329,OPTIMIZED
f14443b2-9724-414a-a24c-f5c7322e6596,Q2_15386471_58632,stgraph,mimic,full,1,21985,1,933,OPTIMIZED
6bedf796-0e3e-4ee1-9ce8-2ba9750d336b,Q1_15386471_58632,stgraph,mimic,full,1,407989,1,2978329,NAIVE
df3f4366-353a-484e-ae58-999b430b72a6,Q2_15386471_58632,stgraph,mimic,full,1,420463,1,933,NAIVE
9e5af3d8-1236-4c1b-b755-1d7a891fb35a,Q1_15386471_58632,stgraph,mimic,full,1,72245,1,2978329,OPTIMIZED
3ec70cc8-0d7e-423c-839c-5f2eae894d0e,Q2_15386471_58632,stgraph,mimic,full,1,22153,1,933,OPTIMIZED
8f80cab4-f9ab-49db-8f11-4d0577a288fa,Q1_16534814_65710,stgraph,mimic,full,1,395785,1,2978329,NAIVE
6c20f94a-39aa-4e62-87ca-055154ffced1,Q2_16534814_65710,stgraph,mimic,full,1,419429,1,933,NAIVE
f4adc7a5-0610-4c77-95a3-141c3b1152c9,Q1_16534814_65710,stgraph,mimic,full,1,74766,1,2978329,OPTIMIZED
1c5379b5-2238-4e66-966d-b6ea21b454db,Q2_16534814_65710,stgraph,mimic,full,1,22100,1,933,OPTIMIZED
1ba4ec09-d818-4b40-9271-d50e330f6101,Q1_16534814_65710,stgraph,mimic,full,1,391773,1,2978329,NAIVE
56157633-685d-4260-b91f-3a674494372a,Q2_16534814_65710,stgraph,mimic,full,1,429665,1,933,NAIVE
3e9a5c99-c6e0-40e2-acdd-5f9629f22bf0,Q1_16534814_65710,stgraph,mimic,full,1,75626,1,2978329,OPTIMIZED
d550772a-0884-4f49-8756-539469694a72,Q2_16534814_65710,stgraph,mimic,full,1,21966,1,933,OPTIMIZED
19c18ae3-4997-4ac3-8b16-ddf8876cd219,Q1_19674244_55035,stgraph,mimic,full,1,383947,1,2978329,NAIVE
bac3ebce-4fd0-4896-9a4e-298cff628ab5,Q2_19674244_55035,stgraph,mimic,full,1,417963,1,933,NAIVE
76dca04f-8ede-4770-989c-f81265b07c8d,Q1_19674244_55035,stgraph,mimic,full,1,73979,1,2978329,OPTIMIZED
a9328903-b8b0-4854-a24c-f75ba110687b,Q2_19674244_55035,stgraph,mimic,full,1,21986,1,933,OPTIMIZED
ae7fec4b-25c0-4949-894c-bf517e631f16,Q1_19674244_55035,stgraph,mimic,full,1,415047,1,2978329,NAIVE
a6a75263-97c8-46ba-af24-2cca2c934895,Q2_19674244_55035,stgraph,mimic,full,1,408418,1,933,NAIVE
365f25f9-c0e5-4f27-814a-4bf5f60e3fe3,Q1_19674244_55035,stgraph,mimic,full,1,77801,1,2978329,OPTIMIZED
582efa0e-e9df-4caf-9ba2-81bd87e7cccb,Q2_19674244_55035,stgraph,mimic,full,1,21825,1,933,OPTIMIZED
b0133f49-1574-4a85-bea9-f512d5aabb05,Q1_10688510_65491,stgraph,mimic,full,1,393225,1,2978329,NAIVE
e9ab335e-ea41-4bdf-84c4-93083cfd202b,Q2_10688510_65491,stgraph,mimic,full,1,409339,1,933,NAIVE
30fd817c-17d4-4526-b79c-1f3813766e6e,Q1_10688510_65491,stgraph,mimic,full,1,72721,1,2978329,OPTIMIZED
2baf4acf-dc11-4800-b0d4-50e7e7a0f668,Q2_10688510_65491,stgraph,mimic,full,1,21987,1,933,OPTIMIZED
a565587e-ad6e-4699-b150-7f206dc968bd,Q1_10688510_65491,stgraph,mimic,full,1,377737,1,2978329,NAIVE
e6fa6ef8-97ce-40d4-9755-58ed95f2f125,Q2_10688510_65491,stgraph,mimic,full,1,405317,1,933,NAIVE
b198b780-9340-4a67-9bb0-70acb0e41b65,Q1_10688510_65491,stgraph,mimic,full,1,76787,1,2978329,OPTIMIZED
0b541575-fd63-4efc-8e27-f933352b2207,Q2_10688510_65491,stgraph,mimic,full,1,21908,1,933,OPTIMIZED
a2c366ff-6ccc-475d-b3d1-376078b4f292,Q1_17067826_51711,stgraph,mimic,full,1,408518,1,2978329,NAIVE
f893d18d-707d-46f1-ac46-fbc298c0be81,Q2_17067826_51711,stgraph,mimic,full,1,414066,1,933,NAIVE
4e68e891-7845-4018-a756-a3ed539ada05,Q1_17067826_51711,stgraph,mimic,full,1,73071,1,2978329,OPTIMIZED
f7782820-b019-4d58-a276-b487d3b15198,Q2_17067826_51711,stgraph,mimic,full,1,22355,1,933,OPTIMIZED
1b1bff6f-920a-4f3b-a5b3-1720bc070234,Q1_17067826_51711,stgraph,mimic,full,1,389412,1,2978329,NAIVE
cb8981f9-d805-42a0-ab83-f5e9dc47c429,Q2_17067826_51711,stgraph,mimic,full,1,401832,1,933,NAIVE
3182a36f-eac0-4f9d-b5a6-c3ca66dfe05b,Q1_17067826_51711,stgraph,mimic,full,1,73609,1,2978329,OPTIMIZED
021c415a-8989-4dd2-83df-e26a3d1125fa,Q2_17067826_51711,stgraph,mimic,full,1,21969,1,933,OPTIMIZED
032e5ab2-548e-438a-b824-59fadb80329c,Q1_14993346_37852,stgraph,mimic,full,1,390721,1,2978329,NAIVE
6ff6b1ac-7e2b-4813-867d-36124b197141,Q2_14993346_37852,stgraph,mimic,full,1,410297,1,933,NAIVE
47552cf7-b13a-4212-95e2-c16262fd1fd3,Q1_14993346_37852,stgraph,mimic,full,1,76356,1,2978329,OPTIMIZED
4bc3a109-f4a0-4eca-9dd8-9668e03f58ee,Q2_14993346_37852,stgraph,mimic,full,1,22214,1,933,OPTIMIZED
3f9006a4-b433-40f4-ac11-ca471d6ee48c,Q1_14993346_37852,stgraph,mimic,full,1,409703,1,2978329,NAIVE
972953a0-fc7a-470f-a0cc-ba9a205fa1e8,Q2_14993346_37852,stgraph,mimic,full,1,409437,1,933,NAIVE
b0e669b7-367c-485b-a04f-323fe207f883,Q1_14993346_37852,stgraph,mimic,full,1,72546,1,2978329,OPTIMIZED
83a4afe1-08f1-4be8-b8a4-f9f4595afc43,Q2_14993346_37852,stgraph,mimic,full,1,21884,1,933,OPTIMIZED
467a827c-8aae-43ac-ba36-30dd52bbfd71,Q1_17199808_40598,stgraph,mimic,full,1,399160,1,2978329,NAIVE
97f63fc4-d07d-484f-bd3e-efc741e7e1dd,Q2_17199808_40598,stgraph,mimic,full,1,407086,1,933,NAIVE
c261e2bb-a7c2-4dde-a4c7-c1cced25349e,Q1_17199808_40598,stgraph,mimic,full,1,74052,1,2978329,OPTIMIZED
2063c709-4a3a-492b-ac00-9f7ee45f1693,Q2_17199808_40598,stgraph,mimic,full,1,21927,1,933,OPTIMIZED
b1e602e3-1f15-4969-ab67-ee1facc0fc60,Q1_17199808_40598,stgraph,mimic,full,1,395104,1,2978329,NAIVE
21838de4-e4cb-4bc1-bb7e-d11cd465e80f,Q2_17199808_40598,stgraph,mimic,full,1,415707,1,933,NAIVE
b772e86b-fb0b-4c0a-9f9f-ba95153ef243,Q1_17199808_40598,stgraph,mimic,full,1,79603,1,2978329,OPTIMIZED
e5f49dfd-e825-430d-b5b9-aa742b2ffd31,Q2_17199808_40598,stgraph,mimic,full,1,21867,1,933,OPTIMIZED
453c14cd-6da9-41ca-852c-73f73957e8c3,Q1_13977070_33998,stgraph,mimic,full,1,390793,1,2978329,NAIVE
14d3ff26-7bce-42fe-b40b-4fce9cf8d671,Q2_13977070_33998,stgraph,mimic,full,1,416534,1,933,NAIVE
f20352b3-4238-4de4-bde5-1f6449530eea,Q1_13977070_33998,stgraph,mimic,full,1,72510,1,2978329,OPTIMIZED
5b6163be-55c4-49ce-92c9-1d49baf25e7b,Q2_13977070_33998,stgraph,mimic,full,1,22210,1,933,OPTIMIZED
8f7e1a94-c98a-4670-8e5d-4e9ab0dd780b,Q1_13977070_33998,stgraph,mimic,full,1,391510,1,2978329,NAIVE
d0c347b2-df94-426b-aa13-398ed109e500,Q2_13977070_33998,stgraph,mimic,full,1,407757,1,933,NAIVE
a4c4dac1-42b2-4c04-867c-266041a08fd2,Q1_13977070_33998,stgraph,mimic,full,1,74193,1,2978329,OPTIMIZED
17d51724-24a2-4c23-b8d6-dbd8b9eaccfe,Q2_13977070_33998,stgraph,mimic,full,1,22196,1,933,OPTIMIZED
51a23ea2-2c41-436e-a400-65a20ab582d8,Q1_19049931_34320,stgraph,mimic,full,1,377524,1,2978329,NAIVE
e997dcc0-43b2-4d9e-bd8d-b4925e6e95ff,Q2_19049931_34320,stgraph,mimic,full,1,413637,1,933,NAIVE
60095ab5-f23f-4127-9bd8-7a2befb16457,Q1_19049931_34320,stgraph,mimic,full,1,74415,1,2978329,OPTIMIZED
61a535ee-17eb-4ebf-89ee-3f7662271a26,Q2_19049931_34320,stgraph,mimic,full,1,21923,1,933,OPTIMIZED
142cb846-f3d8-4d71-849f-f936e790f5c1,Q1_19049931_34320,stgraph,mimic,full,1,379146,1,2978329,NAIVE
a7632847-63d8-4074-a5c9-5e5e44b15f81,Q2_19049931_34320,stgraph,mimic,full,1,413576,1,933,NAIVE
ecee900e-dc30-4926-9bba-3ef05ea42bee,Q1_19049931_34320,stgraph,mimic,full,1,71341,1,2978329,OPTIMIZED
8497c01a-86e6-4f98-8132-35b1b1af5f59,Q2_19049931_34320,stgraph,mimic,full,1,21892,1,933,OPTIMIZED
65c937cd-c295-45fe-a73d-5db7e7b4a7f3,Q1_10222191_44892,stgraph,mimic,full,1,406875,1,2978329,NAIVE
a9c71574-fdb7-42eb-9216-b75c4dbfcafc,Q2_10222191_44892,stgraph,mimic,full,1,404923,1,933,NAIVE
7855edc6-eee4-4881-9741-23603d77858e,Q1_10222191_44892,stgraph,mimic,full,1,73467,1,2978329,OPTIMIZED
5eaa1ba7-e911-4fd3-babb-ed19613ce81b,Q2_10222191_44892,stgraph,mimic,full,1,22058,1,933,OPTIMIZED
c652fde3-a090-4237-9757-c7a763e05f7d,Q1_10222191_44892,stgraph,mimic,full,1,394360,1,2978329,NAIVE
77da2452-1fe8-4963-b297-5e9bd64884a3,Q2_10222191_44892,stgraph,mimic,full,1,396989,1,933,NAIVE
896f72c4-9e63-46cf-9872-ed3ed9c0df87,Q1_10222191_44892,stgraph,mimic,full,1,71211,1,2978329,OPTIMIZED
2343e726-7b81-43fa-a663-c678a04bb6c6,Q2_10222191_44892,stgraph,mimic,full,1,22349,1,933,OPTIMIZED
f94445f5-cb68-42ae-8e77-daf598d99342,Q1_12862666_37790,stgraph,mimic,full,1,377902,1,2978329,NAIVE
fb562034-077a-41f0-b57c-ea41bf0f570a,Q2_12862666_37790,stgraph,mimic,full,1,405440,1,933,NAIVE
718d1eaf-94b6-49a6-a06b-8607fb72d8c7,Q1_12862666_37790,stgraph,mimic,full,1,72285,1,2978329,OPTIMIZED
11a2d06a-fba6-4618-b1eb-35f773e2f7f2,Q2_12862666_37790,stgraph,mimic,full,1,21956,1,933,OPTIMIZED
b28aa52d-a5f4-4856-bb2b-9062f327f030,Q1_12862666_37790,stgraph,mimic,full,1,406788,1,2978329,NAIVE
bee37cea-b616-4a45-9bd5-abf33cfc2c0f,Q2_12862666_37790,stgraph,mimic,full,1,401668,1,933,NAIVE
d97625f8-abc5-455a-a12d-58176e98ad43,Q1_12862666_37790,stgraph,mimic,full,1,71574,1,2978329,OPTIMIZED
e5151598-d885-4de7-96af-31eba307f582,Q2_12862666_37790,stgraph,mimic,full,1,21906,1,933,OPTIMIZED
a23a2640-2e49-4edc-aede-3a6afe0892e6,Q1_18559633_40698,stgraph,mimic,full,1,379184,1,2978329,NAIVE
b04cd10f-5f52-4c0c-a0ae-e0db1af3364a,Q2_18559633_40698,stgraph,mimic,full,1,402623,1,933,NAIVE
b38cc39b-9a31-4234-b46c-837f0305a1d8,Q1_18559633_40698,stgraph,mimic,full,1,71801,1,2978329,OPTIMIZED
8bc1c0c5-bb2a-4a83-8d56-af532ebb1094,Q2_18559633_40698,stgraph,mimic,full,1,22023,1,933,OPTIMIZED
6ff551f0-c4f8-4c9d-beae-dea13749e2ef,Q1_18559633_40698,stgraph,mimic,full,1,371615,1,2978329,NAIVE
12cb9cb4-7d79-4690-9578-7366be0852bb,Q2_18559633_40698,stgraph,mimic,full,1,403891,1,933,NAIVE
eccc5d9d-8182-4092-bf1b-edfa07eb21bf,Q1_18559633_40698,stgraph,mimic,full,1,72275,1,2978329,OPTIMIZED
6ddf2e8b-b5b0-4e46-a3ed-84d98759e33b,Q2_18559633_40698,stgraph,mimic,full,1,22472,1,933,OPTIMIZED
2d6be916-bc0d-4306-8dde-40133fa64d4e,Q1_15765403_35220,stgraph,mimic,full,1,399336,1,2978329,NAIVE
0496559b-09df-4ac9-9e5a-73f7f2a6ee89,Q2_15765403_35220,stgraph,mimic,full,1,409368,1,933,NAIVE
984e510a-d99b-44df-8aac-b9b8164b4c18,Q1_15765403_35220,stgraph,mimic,full,1,71603,1,2978329,OPTIMIZED
a0749bc2-b86e-4b96-884a-cec248b10777,Q2_15765403_35220,stgraph,mimic,full,1,22449,1,933,OPTIMIZED
0d3d6dbd-416a-494c-89ec-1c80b832b608,Q1_15765403_35220,stgraph,mimic,full,1,395665,1,2978329,NAIVE
4b5d7eff-1855-4163-8842-9ba5ae5a77ea,Q2_15765403_35220,stgraph,mimic,full,1,401553,1,933,NAIVE
b59396fb-d8f1-4a03-9e6b-3dfc17056b36,Q1_15765403_35220,stgraph,mimic,full,1,75082,1,2978329,OPTIMIZED
126c0771-5211-4cc7-a05c-6eac8ab2e138,Q2_15765403_35220,stgraph,mimic,full,1,22049,1,933,OPTIMIZED
b3108518-8cc7-4cf6-8077-ec80691de124,Q1_15032392_43947,stgraph,mimic,full,1,388343,1,2978329,NAIVE
fbd79f4c-6032-4bf1-b751-76cb7556bfd0,Q2_15032392_43947,stgraph,mimic,full,1,405613,1,933,NAIVE
1f489a50-75f8-46fa-a6fe-4811089feb91,Q1_15032392_43947,stgraph,mimic,full,1,72802,1,2978329,OPTIMIZED
06ce108e-3a45-4191-bb02-31af98d79e4f,Q2_15032392_43947,stgraph,mimic,full,1,22017,1,933,OPTIMIZED
2e1fc001-03ab-451b-9860-ca52f20699b5,Q1_15032392_43947,stgraph,mimic,full,1,387376,1,2978329,NAIVE
d16d5e41-96c9-49da-b6d5-bb453b17dbf9,Q2_15032392_43947,stgraph,mimic,full,1,408045,1,933,NAIVE
d664f574-664e-4cd9-b2f2-63642fbb86b0,Q1_15032392_43947,stgraph,mimic,full,1,71867,1,2978329,OPTIMIZED
54f69bf9-3344-4745-9b02-eb9d0434c8a6,Q2_15032392_43947,stgraph,mimic,full,1,22379,1,933,OPTIMIZED
8973b472-d348-4960-b45f-e9861189cea7,Q1_14067967_28659,stgraph,mimic,full,1,385402,1,2978329,NAIVE
b8da58fa-b424-4f70-8d0d-f5eefed24d9f,Q2_14067967_28659,stgraph,mimic,full,1,412971,1,933,NAIVE
ae4900ae-2347-4137-a05e-ae7d482ac971,Q1_14067967_28659,stgraph,mimic,full,1,71875,1,2978329,OPTIMIZED
e87e5bb6-83db-455a-b991-001c669c851c,Q2_14067967_28659,stgraph,mimic,full,1,21815,1,933,OPTIMIZED
bb0d0b32-ccfc-4667-b13e-d10b4776883f,Q1_14067967_28659,stgraph,mimic,full,1,388826,1,2978329,NAIVE
329140fb-b182-4fe8-9547-4ac9fdf742d9,Q2_14067967_28659,stgraph,mimic,full,1,407746,1,933,NAIVE
90e4e7b4-9f69-4a2f-b73a-b899e65bd849,Q1_14067967_28659,stgraph,mimic,full,1,72307,1,2978329,OPTIMIZED
85927bfa-0674-4e52-8015-7ce8ba9c34a3,Q2_14067967_28659,stgraph,mimic,full,1,22004,1,933,OPTIMIZED
739a1f39-c247-41b2-bea5-2c7139a56f58,Q1_11106524_29909,stgraph,mimic,full,1,397892,1,2978329,NAIVE
1f50bd63-288f-4791-87ca-595d82f93038,Q2_11106524_29909,stgraph,mimic,full,1,413112,1,933,NAIVE
55a064eb-e542-4026-b784-ee8fa4b45c70,Q1_11106524_29909,stgraph,mimic,full,1,72922,1,2978329,OPTIMIZED
c50b438e-ea06-47b0-9037-c5a1f41d32d9,Q2_11106524_29909,stgraph,mimic,full,1,22054,1,933,OPTIMIZED
04cf9bce-71ff-44e8-b467-938e2f23e5a1,Q1_11106524_29909,stgraph,mimic,full,1,386693,1,2978329,NAIVE
ef2d0de5-65cc-44b7-81a5-fb45a1dfb6b5,Q2_11106524_29909,stgraph,mimic,full,1,417479,1,933,NAIVE
ef2c53db-3292-4fba-868d-188594423da4,Q1_11106524_29909,stgraph,mimic,full,1,72399,1,2978329,OPTIMIZED
01b9337a-f561-44b6-95c0-64d2ccfccb30,Q2_11106524_29909,stgraph,mimic,full,1,22601,1,933,OPTIMIZED
222d448f-3549-43e6-99fe-874c132614f4,Q3,stgraph,mimic,1692200,1,356,1,101,OPTIMIZED
fc2cf024-5c43-47d0-8652-abf44c15d4d4,Q3,stgraph,mimic,1692200,1,7175,1,101,NAIVE
79c0277e-4ee5-42d7-b9e3-91bfc31e9acd,Q3,stgraph,mimic,16922000,1,1814,1,159,OPTIMIZED
b705edbf-27e9-40c8-b214-aad9bdc28ecf,Q3,stgraph,mimic,16922000,1,39478,1,159,NAIVE
41e3fd84-a713-4890-8f5b-de556959a9dd,Q3,stgraph,mimic,full,1,15261,1,285,OPTIMIZED
d3ca647b-1f6b-4350-bb66-d7f480c9d640,Q3,stgraph,mimic,1692200,1,245,1,101,OPTIMIZED
be1f25be-8d9a-44f9-8b56-27f5ab256d91,Q3,stgraph,mimic,1692200,4,93,1,101,OPTIMIZED
88a863f7-e855-473a-b77d-3930b57fe982,Q3,stgraph,mimic,1692200,8,54,1,101,OPTIMIZED
f42ac571-9178-4a0c-a68e-b8adb847a349,Q3,stgraph,mimic,1692200,16,50,1,101,OPTIMIZED
98a570a1-aa99-45fc-a396-2bb95a2d3cfd,Q3,stgraph,mimic,16922000,1,1730,1,159,OPTIMIZED
7a79d26d-ffc2-4867-8678-d817cc2916c9,Q3,stgraph,mimic,16922000,4,473,1,159,OPTIMIZED
2a257683-9436-4c05-9e9d-bc5e65c99ecb,Q3,stgraph,mimic,16922000,8,325,1,159,OPTIMIZED
76d6343e-428a-4a82-974e-b290ca76139b,Q3,stgraph,mimic,16922000,16,302,1,159,OPTIMIZED
186bed59-7346-4d60-9ae3-048019c180c6,Q3,stgraph,mimic,full,1,15458,1,285,OPTIMIZED
0fe329c9-68bb-4d67-98bd-cfaab65a85d3,Q3,stgraph,mimic,full,4,4279,1,285,OPTIMIZED
1b0ed53d-8ddf-473d-a260-a1318641539d,Q3,stgraph,mimic,full,8,2827,1,285,OPTIMIZED
0049372d-a8a8-40fc-9995-ccd4ecdbf2ad,Q3,stgraph,mimic,full,16,2439,1,285,OPTIMIZED
80a69fe9-c591-42ae-aa11-a7f666e59907,Q3,stgraph,mimic,1692200,1,575,4,101,OPTIMIZED
828d1bd6-d53c-4df5-b942-1934efbff436,Q3,stgraph,mimic,1692200,4,127,4,101,OPTIMIZED
421ce0af-ecfa-4aaf-bdab-2707ccf5d600,Q3,stgraph,mimic,1692200,8,74,4,101,OPTIMIZED
1303b58c-d2a2-4b32-8f56-e83f572cbfcd,Q3,stgraph,mimic,1692200,16,69,4,101,OPTIMIZED
11f6ae9d-c716-4329-ad53-9c0cc51fd2ad,Q3,stgraph,mimic,16922000,1,2700,4,159,OPTIMIZED
1f0216df-d476-49f4-9fca-723cba65d7a5,Q3,stgraph,mimic,16922000,4,662,4,159,OPTIMIZED
ab86b96d-af92-4047-971c-8e63feb542c5,Q3,stgraph,mimic,16922000,8,385,4,159,OPTIMIZED
90c79e93-4724-4528-b8b2-89205d4c04ec,Q3,stgraph,mimic,16922000,16,248,4,159,OPTIMIZED
dc4285e7-65a4-468a-96f5-393b4a09f54f,Q3,stgraph,mimic,full,1,22458,4,285,OPTIMIZED
e711a1be-411f-4e5a-9433-eac4f4724d89,Q3,stgraph,mimic,full,4,5363,4,285,OPTIMIZED
145b5ffa-30f7-4136-a3dd-fb096309d695,Q3,stgraph,mimic,full,8,2976,4,285,OPTIMIZED
abf879ea-50fc-4a1d-8ebd-ea0858fe8263,Q3,stgraph,mimic,full,16,2039,4,285,OPTIMIZED
ef76b648-2e99-48c7-8fad-53325e03da19,Q3,stgraph,mimic,1692200,16,104,2,101,OPTIMIZED
625d871e-c8b6-4ad5-b704-cd3c2bc4de16,Q3,stgraph,mimic,16922000,16,218,2,159,OPTIMIZED
807f5d9a-8a07-476a-a610-b06ccde2849f,Q3,stgraph,mimic,full,16,1651,2,285,OPTIMIZED
b71f21f4-13fe-4166-9e3d-5701e4328dbe,Q1,stgraph,mimic,1692200,1,1411,1,47224,OPTIMIZED
6b242d27-f23b-4e1c-8820-48cbaf50888c,Q1,stgraph,mimic,1692200,1,6846,1,47224,NAIVE
d86e7bf0-826a-4c9d-8861-ccaed7cc1c55,Q1,stgraph,mimic,16922000,1,7820,1,314012,OPTIMIZED
49d60baa-ae8e-4840-84a8-0942efa30908,Q1,stgraph,mimic,16922000,1,46536,1,314012,NAIVE
e3e0eb89-649b-4354-a909-35f1cd43cb54,Q1,stgraph,mimic,full,1,79916,1,2978329,OPTIMIZED
660f22bd-aeb3-41cc-a667-a6f572969a40,Q1,stgraph,mimic,1692200,1,1237,1,47224,OPTIMIZED
139a160f-04cd-4890-8b6b-3a347c1b109d,Q1,stgraph,mimic,1692200,4,410,1,47224,OPTIMIZED
62eb7f0a-cc3a-416f-9e91-cac6f0742b93,Q1,stgraph,mimic,1692200,8,396,1,47224,OPTIMIZED
cc1e04d4-8aab-40ee-a3fa-e3abb1e04be2,Q1,stgraph,mimic,1692200,16,388,1,47224,OPTIMIZED
c13b4eaf-7d45-46d7-812e-537216ed4516,Q1,stgraph,mimic,16922000,1,8062,1,314012,OPTIMIZED
dca957d9-dcc4-423e-ac26-c001f90a24b5,Q1,stgraph,mimic,16922000,4,2133,1,314012,OPTIMIZED
7e47edd3-56ea-460d-84aa-c5baa97e63c1,Q1,stgraph,mimic,16922000,8,1407,1,314012,OPTIMIZED
1938a61e-f233-4760-aadb-fd47b230a647,Q1,stgraph,mimic,16922000,16,1197,1,314012,OPTIMIZED
f611705d-2ffe-44b3-b67a-e81a29a2fe2b,Q1,stgraph,mimic,full,1,78420,1,2978329,OPTIMIZED
640f4969-27e7-4dd5-a590-b04887a4fce5,Q1,stgraph,mimic,full,4,22560,1,2978329,OPTIMIZED
8a499c87-115e-459c-8f87-35328f9551ff,Q1,stgraph,mimic,full,8,12293,1,2978329,OPTIMIZED
e559a1c9-a1ce-45d1-be9d-7f6185b27951,Q1,stgraph,mimic,full,16,8784,1,2978329,OPTIMIZED
67353a9c-b21b-401c-a245-e0a1217dae47,Q1,stgraph,mimic,1692200,1,1318,4,47224,OPTIMIZED
4e7ad734-920b-4dc1-b8e2-e6eef61e5678,Q1,stgraph,mimic,1692200,4,358,4,47224,OPTIMIZED
9b73ab3b-0f9d-455e-b30a-03ea2083e24a,Q1,stgraph,mimic,1692200,8,343,4,47224,OPTIMIZED
fb96395e-ad49-4063-ac9b-499c688b3fe1,Q1,stgraph,mimic,1692200,16,419,4,47224,OPTIMIZED
763db67b-585b-46d3-aa24-6f7f219dceb6,Q1,stgraph,mimic,16922000,1,8152,4,314012,OPTIMIZED
081e1c48-7954-4a56-a2e8-d9bea91b6e93,Q1,stgraph,mimic,16922000,4,2196,4,314012,OPTIMIZED
257f476b-ea65-4cef-8bb3-7afbb3dac4fb,Q1,stgraph,mimic,16922000,8,1368,4,314012,OPTIMIZED
b18511f1-ecde-4fd8-a532-bcb8582eb4e1,Q1,stgraph,mimic,16922000,16,1117,4,314012,OPTIMIZED
9ccd2337-1c63-4667-a83a-74b7440c5bb0,Q1,stgraph,mimic,full,1,76249,4,2978329,OPTIMIZED
9fda93bc-5a48-488c-84aa-5c96c9518918,Q1,stgraph,mimic,full,4,21663,4,2978329,OPTIMIZED
4f8699c1-e496-450c-b381-6d8d773db57d,Q1,stgraph,mimic,full,8,12841,4,2978329,OPTIMIZED
01abf659-45fc-415b-8839-abfc7ddc8b82,Q1,stgraph,mimic,full,16,9671,4,2978329,OPTIMIZED
3df8656e-67ab-42b6-85ce-134b4370410e,Q1,stgraph,mimic,1692200,16,609,2,47224,OPTIMIZED
85d1bd21-1563-42c9-87c4-e88b1996c94f,Q1,stgraph,mimic,16922000,16,1306,2,314012,OPTIMIZED
f60c450f-38ad-4a8c-8109-ecb66e57002b,Q1,stgraph,mimic,full,16,10399,2,2978329,OPTIMIZED
1df239d5-b35b-4716-a39a-2033da4a89b9,Q2PGAge,pgage,mimic,1692200,1,873,-1,532,OPTIMIZED
52214607-c741-46bd-941c-f3e3437b9cdc,Q3PGAge,pgage,mimic,1692200,1,619,-1,101,OPTIMIZED
abe27553-b7ac-4995-98c8-3270e4dfbc34,Q2PGAge,pgage,mimic,16922000,1,58463,-1,702,OPTIMIZED
851ff275-f1d7-4dc6-a23e-529525a513f5,Q3PGAge,pgage,mimic,16922000,1,57023,-1,159,OPTIMIZED
e25c2c88-b31a-42b0-872b-30bae2d313e8,Q1PGAge,pgage,mimic,1692200,1,1059,-1,47224,OPTIMIZED
5120b951-ceb9-4c04-99f1-8c5d4900b08e,Q3PGAge,pgage,mimic,1692200,1,731,-1,101,OPTIMIZED
6f079bec-1c22-4cdc-a6b1-8f8a40df549b,Q1PGAge,pgage,mimic,16922000,1,56379,-1,314012,OPTIMIZED
bb7fff82-2bbe-41d3-bd7c-0dbf801647a3,Q3PGAge,pgage,mimic,16922000,1,74023,-1,159,OPTIMIZED
